PERSON_ID,PLAYER_NAME,SEASON,ROUND_NUMBER,ROUND_PICK,OVERALL_PICK,DRAFT_TYPE,TEAM_ID,TEAM_CITY,TEAM_NAME,TEAM_ABBREVIATION,ORGANIZATION,ORGANIZATION_TYPE,PLAYER_PROFILE_FLAG
1642784,Paige Bueckers,2025,1,1,1,Draft,1611661321.0,Dallas,Wings,DAL,,,1
1642798,Dominique Malonga,2025,1,2,2,Draft,1611661328.0,Seattle,Storm,SEA,,,1
1642785,Sonia Citron,2025,1,3,3,Draft,1611661322.0,Washington,Mystics,WAS,,,1
1642792,Kiki Iriafen,2025,1,4,4,Draft,1611661322.0,Washington,Mystics,WAS,,,1
1642794,Juste Jocyte,2025,1,5,5,Draft,1611661331.0,Golden State,Valkyries,GSV,,,1
1642781,Georgia Amoore,2025,1,6,6,Draft,1611661322.0,Washington,Mystics,WAS,,,1
1642800,Aneesah Morrow,2025,1,7,7,Draft,1611661323.0,Connecticut,Sun,CON,,,1
1642809,Saniya Rivers,2025,1,8,8,Draft,1611661323.0,Connecticut,Sun,CON,,,1
1642782,Sarah Ashlee Barker,2025,1,9,9,Draft,1611661320.0,Los Angeles,Sparks,LAS,,,1
1642812,Ajsa Sivka,2025,1,10,10,Draft,1611661329.0,Chicago,Sky,CHI,,,0
1642817,Hailey Van Lith,2025,1,11,11,Draft,1611661329.0,Chicago,Sky,CHI,,,1
1642793,Aziaha James,2025,1,12,12,Draft,1611661321.0,Dallas,Wings,DAL,,,1
1642801,Aaliyah Nye,2025,2,1,13,Draft,1611661319.0,Las Vegas,Aces,LVA,,,1
1642810,Madison Scott,2025,2,2,14,Draft,1611661321.0,Dallas,Wings,DAL,,,1
1642797,Anastasiia Olairi Kosu,2025,2,3,15,Draft,1611661324.0,Minnesota,Lynx,MIN,,,1
1642818,Maddy Westbeld,2025,2,4,16,Draft,1611661329.0,Chicago,Sky,CHI,,,1
1642811,Shyanne Sellers,2025,2,5,17,Draft,1611661331.0,Golden State,Valkyries,GSV,,,1
1642804,Te-Hina Paopao,2025,2,6,18,Draft,1611661330.0,Atlanta,Dream,ATL,,,1
1642815,Makayla Timpson,2025,2,7,19,Draft,1611661325.0,Indiana,Fever,IND,,,1
1642788,Bree Hall,2025,2,8,20,Draft,1611661325.0,Indiana,Fever,IND,,,1
1642790,Sania Feagin,2025,2,9,21,Draft,1611661320.0,Los Angeles,Sparks,LAS,,,1
1642786,Aicha Coulibaly,2025,2,10,22,Draft,1611661329.0,Chicago,Sky,CHI,,,1
1642802,Lucy Olsen,2025,2,11,23,Draft,1611661322.0,Washington,Mystics,WAS,,,1
1642819,Dalayah Daniels,2025,2,12,24,Draft,1611661324.0,Minnesota,Lynx,MIN,,,0
1642796,Rayah Marshall,2025,2,13,25,Draft,1611661323.0,Connecticut,Sun,CON,,,1
1642813,Serena Sundell,2025,3,1,26,Draft,1611661328.0,Seattle,Storm,SEA,,,1
1642808,JJ Quinerly,2025,3,2,27,Draft,1611661321.0,Dallas,Wings,DAL,,,1
1642820,Liatu King,2025,3,3,28,Draft,1611661320.0,Los Angeles,Sparks,LAS,,,1
1642821,Madison Conner,2025,3,4,29,Draft,1611661328.0,Seattle,Storm,SEA,,,1
1642822,Kaitlyn Chen,2025,3,5,30,Draft,1611661331.0,Golden State,Valkyries,GSV,,,1
1642823,Aaronette Vonleh,2025,3,6,31,Draft,1611661321.0,Dallas,Wings,DAL,,,1
1642791,Zaay Green,2025,3,7,32,Draft,1611661322.0,Washington,Mystics,WAS,,,1
1642787,Yvonne Ejim,2025,3,8,33,Draft,1611661325.0,Indiana,Fever,IND,,,1
1642824,Jordan Hobbs,2025,3,9,34,Draft,1611661328.0,Seattle,Storm,SEA,,,1
1642825,Harmoni Turner,2025,3,10,35,Draft,1611661319.0,Las Vegas,Aces,LVA,,,1
1642814,Taylor Thierry,2025,3,11,36,Draft,1611661330.0,Atlanta,Dream,ATL,,,1
1642826,Aubrey Griffin,2025,3,12,37,Draft,1611661324.0,Minnesota,Lynx,MIN,,,1
1642827,Adja Kane,2025,3,13,38,Draft,1611661313.0,New York,Liberty,NYL,,,0
1642286,Caitlin Clark,2024,1,1,1,Draft,,,,,,,1
1642286,Caitlin Clark,2024,1,1,1,Draft,1611661325.0,Indiana,Fever,IND,,,1
1642287,Cameron Brink,2024,1,2,2,Draft,1611661320.0,Los Angeles,Sparks,LAS,,,1
1642289,Kamilla Cardoso,2024,1,3,3,Draft,1611661329.0,Chicago,Sky,CHI,,,1
1642288,Rickea Jackson,2024,1,4,4,Draft,1611661320.0,Los Angeles,Sparks,LAS,,,1
1642292,Jacy Sheldon,2024,1,5,5,Draft,1611661321.0,Dallas,Wings,DAL,,,1
1642290,Aaliyah Edwards,2024,1,6,6,Draft,1611661322.0,Washington,Mystics,WAS,,,1
1642291,Angel Reese,2024,1,7,7,Draft,,,,,,,1
1642291,Angel Reese,2024,1,7,7,Draft,1611661329.0,Chicago,Sky,CHI,,,1
1642293,Alissa Pili,2024,1,8,8,Draft,1611661324.0,Minnesota,Lynx,MIN,,,1
1642304,Carla Leite,2024,1,9,9,Draft,1611661321.0,Dallas,Wings,DAL,,,1
1642303,Leila Lacan,2024,1,10,10,Draft,1611661323.0,Connecticut,Sun,CON,,,1
1642301,Marquesha Davis,2024,1,11,11,Draft,1611661313.0,New York,Liberty,NYL,,,1
1642296,Nyadiew Puoch,2024,1,12,12,Draft,1611661330.0,Atlanta,Dream,ATL,,,1
1642323,Brynna Maxwell,2024,2,1,13,Draft,1611661329.0,Chicago,Sky,CHI,,,1
1642299,Nika Muhl,2024,2,2,14,Draft,1611661328.0,Seattle,Storm,SEA,,,1
1642298,Celeste Taylor,2024,2,3,15,Draft,1611661325.0,Indiana,Fever,IND,,,1
1642298,Celeste Taylor,2024,2,3,15,Draft,1611661323.0,Connecticut,Sun,CON,,,1
1642298,Celeste Taylor,2024,2,3,15,Draft,1611661317.0,Phoenix,Mercury,PHO,,,1
1642300,Dyaisha Fair,2024,2,4,16,Draft,1611661319.0,Las Vegas,Aces,LVA,,,1
1642318,Esmery Martinez,2024,2,5,17,Draft,1611661313.0,New York,Liberty,NYL,,,1
1642324,Kate Martin,2024,2,6,18,Draft,1611661319.0,Las Vegas,Aces,LVA,,,1
1642315,Taiyanna Jackson,2024,2,7,19,Draft,1611661323.0,Connecticut,Sun,CON,,,1
1642302,Isobel Borlase,2024,2,8,20,Draft,1611661330.0,Atlanta,Dream,ATL,,,1
1642325,Kaylynne Truong,2024,2,9,21,Draft,1611661322.0,Washington,Mystics,WAS,,,1
1642322,Helena Pueyo,2024,2,10,22,Draft,1611661323.0,Connecticut,Sun,CON,,,1
1642305,Jessika Carter,2024,2,11,23,Draft,1611661319.0,Las Vegas,Aces,LVA,,,1
1642305,Jessika Carter,2024,2,11,23,Draft,1611661313.0,New York,Liberty,NYL,,,1
1642295,Elizabeth Kitley,2024,2,12,24,Draft,1611661319.0,Las Vegas,Aces,LVA,,,1
1642294,Charisma Osborne,2024,3,0,25,Draft,1611661317.0,Phoenix,Mercury,PHO,,,1
1642307,Mackenzie Holmes,2024,3,1,26,Draft,1611661328.0,Seattle,Storm,SEA,,,1
1642310,Leilani Correa,2024,3,2,27,Draft,1611661325.0,Indiana,Fever,IND,,,1
1642312,McKenzie Forbes,2024,3,3,28,Draft,1611661320.0,Los Angeles,Sparks,LAS,,,1
1642306,Jaz Shelley,2024,3,4,29,Draft,1611661317.0,Phoenix,Mercury,PHO,,,1
1642326,Nastja Claessens,2024,3,5,30,Draft,1611661322.0,Washington,Mystics,WAS,,,0
1642316,Kiki Jefferson,2024,3,6,31,Draft,1611661324.0,Minnesota,Lynx,MIN,,,1
1642327,Matilde Villa,2024,3,7,32,Draft,1611661330.0,Atlanta,Dream,ATL,,,0
1642328,Ashley Owusu,2024,3,8,33,Draft,1611661321.0,Dallas,Wings,DAL,,,1
1642314,Abbey Hsu,2024,3,9,34,Draft,1611661323.0,Connecticut,Sun,CON,,,0
1642329,Kaitlyn Davis,2024,3,10,35,Draft,1611661313.0,New York,Liberty,NYL,,,0
1642330,Angel Jackson,2024,3,11,36,Draft,1611661319.0,Las Vegas,Aces,LVA,,,0
1641648,Aliyah Boston,2023,1,1,1,Draft,1611661325.0,Indiana,Fever,IND,,,1
1641649,Diamond Miller,2023,1,2,2,Draft,1611661324.0,Minnesota,Lynx,MIN,,,1
1641652,Maddy Siegrist,2023,1,3,3,Draft,1611661321.0,Dallas,Wings,DAL,,,1
1641654,Stephanie Soares,2023,1,4,4,Draft,1611661322.0,Washington,Mystics,WAS,,,1
1641661,Lou Lopez Senechal,2023,1,5,5,Draft,1611661321.0,Dallas,Wings,DAL,,,1
1641650,Haley Jones,2023,1,6,6,Draft,1611661330.0,Atlanta,Dream,ATL,,,1
1641658,Grace Berger,2023,1,7,7,Draft,1611661325.0,Indiana,Fever,IND,,,1
1641656,Laeticia Amihere,2023,1,8,8,Draft,1611661330.0,Atlanta,Dream,ATL,,,1
1641651,Jordan Horston,2023,1,9,9,Draft,1611661328.0,Seattle,Storm,SEA,,,1
1641660,Zia Cooke,2023,1,10,10,Draft,1611661320.0,Los Angeles,Sparks,LAS,,,1
1641671,Abby Meyers,2023,1,11,11,Draft,1611661321.0,Dallas,Wings,DAL,,,1
1641668,Maia Hirsch,2023,1,12,12,Draft,1611661324.0,Minnesota,Lynx,MIN,,,0
1641659,Taylor Mikesell,2023,2,1,13,Draft,1611661325.0,Indiana,Fever,IND,,,1
1641669,Shaneice Swain,2023,2,2,14,Draft,1611661320.0,Los Angeles,Sparks,LAS,,,1
1641665,Leigha Brown,2023,2,3,15,Draft,1611661330.0,Atlanta,Dream,ATL,,,1
1641657,Dorka Juhasz,2023,2,4,16,Draft,1611661324.0,Minnesota,Lynx,MIN,,,1
1641686,LaDazhia Williams,2023,2,5,17,Draft,1611661325.0,Indiana,Fever,IND,,,1
1641670,Madi Williams,2023,2,6,18,Draft,1611661328.0,Seattle,Storm,SEA,,,1
1641653,Ashley Joens,2023,2,7,19,Draft,1611661321.0,Dallas,Wings,DAL,,,1
1641673,Elena Tsineke,2023,2,8,20,Draft,1611661322.0,Washington,Mystics,WAS,,,1
1641675,Dulcy Fankam Mendjiadeu,2023,2,9,21,Draft,1611661328.0,Seattle,Storm,SEA,,,1
1641655,Alexis Morris,2023,2,10,22,Draft,1611661323.0,Connecticut,Sun,CON,,,1
1641672,Kayana Traylor,2023,2,11,23,Draft,1611661329.0,Chicago,Sky,CHI,,,1
1641662,Brea Beal,2023,2,12,24,Draft,1611661324.0,Minnesota,Lynx,MIN,,,1
1641687,Victaria Saxton,2023,3,1,25,Draft,1611661325.0,Indiana,Fever,IND,,,1
1641688,Monika Czinano,2023,3,2,26,Draft,1611661320.0,Los Angeles,Sparks,LAS,,,1
1641689,Destiny Harden,2023,3,3,27,Draft,1611661317.0,Phoenix,Mercury,PHO,,,0
1641667,Taylor Soule,2023,3,4,28,Draft,1611661324.0,Minnesota,Lynx,MIN,,,1
1641690,Kadi Sissoko,2023,3,5,29,Draft,1611661317.0,Phoenix,Mercury,PHO,,,1
1641691,Okako Adika,2023,3,6,30,Draft,1611661313.0,New York,Liberty,NYL,,,1
1641692,Paige Robinson,2023,3,7,31,Draft,1611661321.0,Dallas,Wings,DAL,,,1
1641693,Txell Alarcon,2023,3,8,32,Draft,1611661322.0,Washington,Mystics,WAS,,,0
1641694,Jade Loville,2023,3,9,33,Draft,1611661328.0,Seattle,Storm,SEA,,,1
1641695,Ashten Prechtel,2023,3,10,34,Draft,1611661323.0,Connecticut,Sun,CON,,,1
1641696,Kseniya Malashka,2023,3,11,35,Draft,1611661329.0,Chicago,Sky,CHI,,,0
1641697,Brittany Davis,2023,3,12,36,Draft,1611661319.0,Las Vegas,Aces,LVA,,,0
1631009,Rhyne Howard,2022,1,1,1,Draft,1611661330.0,Atlanta,Dream,ATL,Kentucky,College/University,1
1631019,NaLyssa Smith,2022,1,2,2,Draft,1611661325.0,Indiana,Fever,IND,Baylor,College/University,1
1631022,Shakira Austin,2022,1,3,3,Draft,1611661322.0,Washington,Mystics,WAS,Mississippi,College/University,1
1631083,Emily Engstler,2022,1,4,4,Draft,1611661325.0,Indiana,Fever,IND,Louisville,College/University,1
1631055,Nyara Sabally,2022,1,5,5,Draft,1611661313.0,New York,Liberty,NYL,Oregon,College/University,1
1631086,Lexie Hull,2022,1,6,6,Draft,1611661325.0,Indiana,Fever,IND,Stanford,College/University,1
1631007,Veronica Burton,2022,1,7,7,Draft,1611661321.0,Dallas,Wings,DAL,Northwestern,College/University,1
1631003,Mya Hollingshed,2022,1,8,8,Draft,1611661319.0,Las Vegas,Aces,LVA,Colorado,College/University,1
1630996,Rae Burrell,2022,1,9,9,Draft,1611661320.0,Los Angeles,Sparks,LAS,Tennessee,College/University,1
1631031,Queen Egbo,2022,1,10,10,Draft,1611661325.0,Indiana,Fever,IND,Baylor,College/University,1
1631006,Kierstan Bell,2022,1,11,11,Draft,1611661319.0,Las Vegas,Aces,LVA,Florida Gulf Coast,College/University,1
1631002,Nia Clouden,2022,1,12,12,Draft,1611661323.0,Connecticut,Sun,CON,Michigan State,College/University,1
1631062,Khayla Pointer,2022,2,1,13,Draft,1611661319.0,Las Vegas,Aces,LVA,Louisiana State,College/University,1
1631090,Christyn Williams,2022,2,2,14,Draft,1611661322.0,Washington,Mystics,WAS,Connecticut,College/University,1
1631044,Naz Hillmon,2022,2,3,15,Draft,1611661330.0,Atlanta,Dream,ATL,Michigan,College/University,1
1631147,Kianna Smith,2022,2,4,16,Draft,1611661320.0,Los Angeles,Sparks,LAS,Louisville,College/University,1
1631072,Elissa Cunane,2022,2,5,17,Draft,1611661328.0,Seattle,Storm,SEA,North Carolina State,College/University,1
1631032,Lorela Cubaj,2022,2,6,18,Draft,1611661328.0,Seattle,Storm,SEA,Georgia Tech,College/University,1
1631135,Olivia Nelson-Ododa,2022,2,7,19,Draft,1611661320.0,Los Angeles,Sparks,LAS,Connecticut,College/University,1
1631089,Destanni Henderson,2022,2,8,20,Draft,1611661325.0,Indiana,Fever,IND,South Carolina,College/University,1
1631091,Evina Westbrook,2022,2,9,21,Draft,1611661328.0,Seattle,Storm,SEA,Connecticut,College/University,1
1631074,Kayla Jones,2022,2,10,22,Draft,1611661324.0,Minnesota,Lynx,MIN,North Carolina State,College/University,1
1631013,Aisha Sheppard,2022,2,11,23,Draft,1611661319.0,Las Vegas,Aces,LVA,Virginia Tech,College/University,1
1631018,Jordan Lewis,2022,2,12,24,Draft,1611661323.0,Connecticut,Sun,CON,Baylor,College/University,0
1631023,Ameshya Williams-Holliday,2022,3,13,25,Draft,1611661325.0,Indiana,Fever,IND,Jackson State,College/University,1
1631033,Maya Dodson,2022,3,14,26,Draft,1611661317.0,Phoenix,Mercury,PHO,Notre Dame,College/University,1
1631056,Amy Atwell,2022,3,15,27,Draft,1611661320.0,Los Angeles,Sparks,LAS,Hawaii,College/University,1
1631046,Hannah Sjerven,2022,3,16,28,Draft,1611661324.0,Minnesota,Lynx,MIN,South Dakota,College/University,1
1631021,Sika Kone,2022,3,17,29,Draft,1611661313.0,New York,Liberty,NYL,CB Gran Canaria (Spain),Other Team/Club,1
1631029,Jasmine Dickey,2022,3,18,30,Draft,1611661321.0,Dallas,Wings,DAL,Delaware,College/University,1
1630991,Jazz Bond,2022,3,19,31,Draft,1611661321.0,Dallas,Wings,DAL,North Florida,College/University,1
1631063,Macee Williams,2022,3,20,32,Draft,1611661317.0,Phoenix,Mercury,PHO,IUPUI,College/University,0
1631141,Jade Melbourne,2022,3,21,33,Draft,1611661328.0,Seattle,Storm,SEA,Canberra Capitals (Australia),Other Team/Club,1
1631041,Ali Patberg,2022,3,22,34,Draft,1611661325.0,Indiana,Fever,IND,Indiana,College/University,0
1631052,Faustine Aifuwa,2022,3,23,35,Draft,1611661319.0,Las Vegas,Aces,LVA,Louisiana State,College/University,0
1631148,Kiara Smith,2022,3,24,36,Draft,1611661323.0,Connecticut,Sun,CON,Florida,College/University,0
1630454,Charli Collier,2021,1,1,1,Draft,1611661321.0,Dallas,Wings,DAL,Texas,College/University,1
1630386,Awak Kuier,2021,1,2,2,Draft,1611661321.0,Dallas,Wings,DAL,Passalacqua Ragusa (Italy),Other Team/Club,1
1630462,Aari McDonald,2021,1,3,3,Draft,1611661330.0,Atlanta,Dream,ATL,Arizona,College/University,1
1630438,Kysre Gondrezick,2021,1,4,4,Draft,1611661325.0,Indiana,Fever,IND,West Virginia,College/University,1
1630440,Chelsea Dungee,2021,1,5,5,Draft,1611661321.0,Dallas,Wings,DAL,Arkansas,College/University,1
1630446,Michaela Onyenwere,2021,1,6,6,Draft,1611661313.0,New York,Liberty,NYL,California-Los Angeles,College/University,1
1630444,Jasmine Walker,2021,1,7,7,Draft,1611661320.0,Los Angeles,Sparks,LAS,Alabama,College/University,1
1630385,Shyla Heal,2021,1,8,8,Draft,1611661329.0,Chicago,Sky,CHI,Townsville Fire (Australia),Other Team/Club,1
1630452,Rennia Davis,2021,1,9,9,Draft,1611661324.0,Minnesota,Lynx,MIN,Tennessee,College/University,1
1630137,Stephanie Watts,2021,1,10,10,Draft,1611661320.0,Los Angeles,Sparks,LAS,Southern California,College/University,1
1630458,Aaliyah Wilson,2021,1,11,11,Draft,1611661328.0,Seattle,Storm,SEA,Texas A&M,College/University,1
1630387,Iliana Rupert,2021,1,12,12,Draft,1611661319.0,Las Vegas,Aces,LVA,Tango Bourges Basket (France),Other Team/Club,1
1630389,Dana Evans,2021,2,1,13,Draft,1611661321.0,Dallas,Wings,DAL,Louisville,College/University,1
1630435,Destiny Slocum,2021,2,2,14,Draft,1611661319.0,Las Vegas,Aces,LVA,Arkansas,College/University,1
1630384,Raquel Carrera,2021,2,3,15,Draft,1611661330.0,Atlanta,Dream,ATL,Araski AES (Spain),Other Team/Club,1
1630442,Natasha Mack,2021,2,4,16,Draft,1611661329.0,Chicago,Sky,CHI,California-Los Angeles,College/University,1
1630459,DiDi Richards,2021,2,5,17,Draft,1611661313.0,New York,Liberty,NYL,Baylor,College/University,1
1630461,Kiana Williams,2021,2,6,18,Draft,1611661328.0,Seattle,Storm,SEA,Stanford,College/University,1
1630391,Unique Thompson,2021,2,7,19,Draft,1611661325.0,Indiana,Fever,IND,Auburn,College/University,1
1630096,DiJonai Carrington,2021,2,8,20,Draft,1611661323.0,Connecticut,Sun,CON,Baylor,College/University,1
1630436,Micaela Kelly,2021,2,9,21,Draft,1611661323.0,Connecticut,Sun,CON,Central Michigan,College/University,1
1630441,Arella Guirantes,2021,2,10,22,Draft,1611661320.0,Los Angeles,Sparks,LAS,Central Michigan,College/University,1
1630445,N'dea Jones,2021,2,11,23,Draft,1611661328.0,Seattle,Storm,SEA,Texas A&M,College/University,1
1630467,Trinity Baptiste,2021,2,12,24,Draft,1611661325.0,Indiana,Fever,IND,Arizona,College/University,0
1630468,Valerie Higgins,2021,3,1,25,Draft,1611661313.0,New York,Liberty,NYL,Southern California,College/University,0
1630437,Chelsey Perry,2021,3,2,26,Draft,1611661325.0,Indiana,Fever,IND,Tennessee-Martin,College/University,1
1630457,Lindsey Pulliam,2021,3,3,27,Draft,1611661330.0,Atlanta,Dream,ATL,Northwestern,College/University,1
1630393,Ivana Raca,2021,3,4,28,Draft,1611661320.0,Los Angeles,Sparks,LAS,Wake Forest,College/University,0
1630469,Marine Fauthoux,2021,3,5,29,Draft,1611661313.0,New York,Liberty,NYL,ASVEL Feminin (France),Other Team/Club,1
1630453,Aleah Goodman,2021,3,6,30,Draft,1611661323.0,Connecticut,Sun,CON,Oregon State,College/University,1
1630470,Florencia Chagas,2021,3,7,31,Draft,1611661325.0,Indiana,Fever,IND,Famila Wuber Schio (Italy),Other Team/Club,0
1630449,Ciera Johnson,2021,3,8,32,Draft,1611661317.0,Phoenix,Mercury,PHO,Texas A&M,College/University,1
1630471,Maya Caldwell,2021,3,9,33,Draft,1611661325.0,Indiana,Fever,IND,Georgia,College/University,1
1630472,Aina Ayuso,2021,3,10,34,Draft,1611661320.0,Los Angeles,Sparks,LAS,Oregon,College/University,0
1630473,Natalie Kucowski,2021,3,11,35,Draft,1611661328.0,Seattle,Storm,SEA,Lafayette,College/University,1
1630474,Kionna Jeter,2021,3,12,36,Draft,1611661319.0,Las Vegas,Aces,LVA,Towson,College/University,0
1629477,Sabrina Ionescu,2020,1,1,1,Draft,1611661313.0,New York,Liberty,NYL,Oregon,College/University,1
1630149,Satou Sabally,2020,1,2,2,Draft,1611661321.0,Dallas,Wings,DAL,Oregon,College/University,1
1630100,Lauren Cox,2020,1,3,3,Draft,1611661325.0,Indiana,Fever,IND,Baylor,College/University,1
1630150,Chennedy Carter,2020,1,4,4,Draft,1611661330.0,Atlanta,Dream,ATL,Texas A&M,College/University,1
1630093,Bella Alarie,2020,1,5,5,Draft,1611661321.0,Dallas,Wings,DAL,Princeton,High School,1
1630114,Mikiah Herbert Harrigan,2020,1,6,6,Draft,1611661324.0,Minnesota,Lynx,MIN,South Carolina,College/University,1
1630112,Tyasha Harris,2020,1,7,7,Draft,1611661321.0,Dallas,Wings,DAL,South Carolina,College/University,1
1630113,Ruthy Hebard,2020,1,8,8,Draft,1611661329.0,Chicago,Sky,CHI,Oregon,College/University,1
1630136,Megan Walker,2020,1,9,9,Draft,1611661313.0,New York,Liberty,NYL,Connecticut,College/University,1
1630139,Jocelyn Willoughby,2020,1,10,10,Draft,1611661317.0,Phoenix,Mercury,PHO,Virginia,College/University,1
1629490,Kitija Laksa,2020,1,11,11,Draft,1611661328.0,Seattle,Storm,SEA,TT Riga (Latvia),Other Team/Club,1
1630119,Jazmine Jones,2020,1,12,12,Draft,1611661313.0,New York,Liberty,NYL,Louisville,College/University,1
1630131,Kylee Shook,2020,2,1,13,Draft,1611661313.0,New York,Liberty,NYL,Louisville,College/University,1
1630104,Kathleen Doyle,2020,2,2,14,Draft,1611661325.0,Indiana,Fever,IND,Iowa,High School,1
1630127,Leaonna Odom,2020,2,3,15,Draft,1611661313.0,New York,Liberty,NYL,Duke,College/University,1
1630101,Crystal Dangerfield,2020,2,4,16,Draft,1611661324.0,Minnesota,Lynx,MIN,Connecticut,College/University,1
1630095,Brittany Brewer,2020,2,5,17,Draft,1611661330.0,Atlanta,Dream,ATL,Texas Tech,College/University,1
1630099,Te'a Cooper,2020,2,6,18,Draft,1611661317.0,Phoenix,Mercury,PHO,Baylor,College/University,1
1630115,Joyner Holmes,2020,2,7,19,Draft,1611661328.0,Seattle,Storm,SEA,Texas,College/University,1
1629492,Beatrice Mompremier,2020,2,8,20,Draft,1611661320.0,Los Angeles,Sparks,LAS,Miami,High School,1
1630143,Luisa Geiselsoder,2020,2,9,21,Draft,1611661321.0,Dallas,Wings,DAL,Germany,Other Team/Club,1
1630142,Leonie Fiebich,2020,2,10,22,Draft,1611661320.0,Los Angeles,Sparks,LAS,Germany,Other Team/Club,1
1630097,Kaila Charles,2020,2,11,23,Draft,1611661323.0,Connecticut,Sun,CON,Maryland,College/University,1
1630153,Jaylyn Agnew,2020,2,12,24,Draft,1611661322.0,Washington,Mystics,WAS,Creighton,College/University,1
1630129,Mikayla Pivec,2020,3,1,25,Draft,1611661330.0,Atlanta,Dream,ATL,Oregon State,College/University,1
1630128,Erica Ogwumike,2020,3,2,26,Draft,1611661313.0,New York,Liberty,NYL,Rice,High School,0
1630135,Kobi Thornton,2020,3,3,27,Draft,1611661330.0,Atlanta,Dream,ATL,Clemson,College/University,1
1630154,Kamiah Smalls,2020,3,4,28,Draft,1611661325.0,Indiana,Fever,IND,James Madison,College/University,1
1630118,Stella Johnson,2020,3,5,29,Draft,1611661317.0,Phoenix,Mercury,PHO,Rider,College/University,1
1630102,Japreece Dean,2020,3,6,30,Draft,1611661329.0,Chicago,Sky,CHI,California-Los Angeles,College/University,0
1630110,Haley Gorecki,2020,3,7,31,Draft,1611661328.0,Seattle,Storm,SEA,Duke,College/University,1
1630109,Kiah Gillespie,2020,3,8,32,Draft,1611661329.0,Chicago,Sky,CHI,Florida State,College/University,0
1630155,Lauren Manis,2020,3,9,33,Draft,1611661319.0,Las Vegas,Aces,LVA,Holy Cross,High School,1
1629489,Tynice Martin,2020,3,10,34,Draft,1611661320.0,Los Angeles,Sparks,LAS,West Virginia,College/University,0
1630122,Juicy Landrum,2020,3,11,35,Draft,1611661323.0,Connecticut,Sun,CON,Baylor,College/University,0
1630134,Sug Sutton,2020,3,12,36,Draft,1611661322.0,Washington,Mystics,WAS,Texas,College/University,1
1629498,Jackie Young,2019,1,1,1,Draft,1611661319.0,Las Vegas,Aces,LVA,,,1
1629476,Asia (AD) Durr,2019,1,2,2,Draft,1611661313.0,New York,Liberty,NYL,,,1
1629479,Teaira McCowan,2019,1,3,3,Draft,1611661325.0,Indiana,Fever,IND,,,1
1629478,Katie Lou Samuelson,2019,1,4,4,Draft,1611661329.0,Chicago,Sky,CHI,,,1
1629481,Arike Ogunbowale,2019,1,5,5,Draft,1611661321.0,Dallas,Wings,DAL,,,1
1629483,Napheesa Collier,2019,1,6,6,Draft,1611661324.0,Minnesota,Lynx,MIN,,,1
1629480,Kalani Brown,2019,1,7,7,Draft,1611661320.0,Los Angeles,Sparks,LAS,,,1
1629501,Alanna Smith,2019,1,8,8,Draft,1611661317.0,Phoenix,Mercury,PHO,,,1
1629485,Kristine Anigwe,2019,1,9,9,Draft,1611661323.0,Connecticut,Sun,CON,,,1
1629506,Kiara Leslie,2019,1,10,10,Draft,1611661322.0,Washington,Mystics,WAS,,,1
1629488,Brianna Turner,2019,1,11,11,Draft,1611661330.0,Atlanta,Dream,ATL,,,1
1629496,Ezi Magbegor,2019,1,12,12,Draft,1611661328.0,Seattle,Storm,SEA,,,1
1629482,Sophie Cunningham,2019,2,1,13,Draft,1611661317.0,Phoenix,Mercury,PHO,,,1
1629566,Han Xu,2019,2,2,14,Draft,1611661313.0,New York,Liberty,NYL,,,1
1629505,Chloe Jackson,2019,2,3,15,Draft,1611661329.0,Chicago,Sky,CHI,,,1
1629491,Jessica Shepard,2019,2,4,16,Draft,1611661324.0,Minnesota,Lynx,MIN,,,1
1629484,Megan Gustafson,2019,2,5,17,Draft,1611661321.0,Dallas,Wings,DAL,,,1
1629567,Natisha Hiedeman,2019,2,6,18,Draft,1611661324.0,Minnesota,Lynx,MIN,,,1
1629497,Marina Mabrey,2019,2,7,19,Draft,1611661320.0,Los Angeles,Sparks,LAS,,,1
1629522,Cierra Dillard,2019,2,8,20,Draft,1611661324.0,Minnesota,Lynx,MIN,,,1
1629524,Bridget Carleton,2019,2,9,21,Draft,1611661323.0,Connecticut,Sun,CON,,,1
1629568,Kennedy Burke,2019,2,10,22,Draft,1611661321.0,Dallas,Wings,DAL,California-Los Angeles,College/University,1
1629569,Maite Cazorla,2019,2,11,23,Draft,1611661330.0,Atlanta,Dream,ATL,,,1
1629500,Anriel Howard,2019,2,12,24,Draft,1611661328.0,Seattle,Storm,SEA,,,1
1629502,Paris Kea,2019,3,1,25,Draft,1611661325.0,Indiana,Fever,IND,,,1
1629570,Megan Huff,2019,3,2,26,Draft,1611661313.0,New York,Liberty,NYL,,,1
1629576,Maria Conde,2019,3,3,27,Draft,1611661329.0,Chicago,Sky,CHI,,,1
1629493,Caliya Robinson,2019,3,4,28,Draft,1611661325.0,Indiana,Fever,IND,,,1
1629571,Morgan Bertsch,2019,3,5,29,Draft,1611661321.0,Dallas,Wings,DAL,,,1
1629495,Kenisha Bell,2019,3,6,30,Draft,1611661324.0,Minnesota,Lynx,MIN,,,1
1629572,Angela Salvadores,2019,3,7,31,Draft,1611661320.0,Los Angeles,Sparks,LAS,,,0
1629573,Arica Carter,2019,3,8,32,Draft,1611661317.0,Phoenix,Mercury,PHO,,,1
1629518,Regan Magarity,2019,3,9,33,Draft,1611661323.0,Connecticut,Sun,CON,,,1
1629507,Sam Fuehring,2019,3,10,34,Draft,1611661322.0,Washington,Mystics,WAS,,,1
1629574,Li Yueru,2019,3,11,35,Draft,1611661330.0,Atlanta,Dream,ATL,,,1
1629575,Macy Miller,2019,3,12,36,Draft,1611661328.0,Seattle,Storm,SEA,,,1
1628932,A'ja Wilson,2018,1,1,1,Draft,1611661319.0,Las Vegas,Aces,LVA,,,1
1628909,Kelsey Mitchell,2018,1,2,2,Draft,1611661325.0,Indiana,Fever,IND,,,1
1628890,Diamond DeShields,2018,1,3,3,Draft,1611661329.0,Chicago,Sky,CHI,,,1
1628931,Gabby Williams,2018,1,4,4,Draft,1611661329.0,Chicago,Sky,CHI,,,1
1628886,Jordin Canada,2018,1,5,5,Draft,1611661328.0,Seattle,Storm,SEA,,,1
1628922,Azurá Stevens,2018,1,6,6,Draft,1611661321.0,Dallas,Wings,DAL,,,1
1628878,Ariel Atkins,2018,1,7,7,Draft,1611661322.0,Washington,Mystics,WAS,,,1
1628927,Victoria Vivians,2018,1,8,8,Draft,1611661325.0,Indiana,Fever,IND,,,1
1628882,Lexie Brown,2018,1,9,9,Draft,1611661323.0,Connecticut,Sun,CON,,,1
1628915,Kia Nurse,2018,1,10,10,Draft,1611661313.0,New York,Liberty,NYL,,,1
1628926,Maria Kliundikova,2018,1,11,11,Draft,1611661320.0,Los Angeles,Sparks,LAS,,,1
1628895,Marie Gülich,2018,1,12,12,Draft,1611661317.0,Phoenix,Mercury,PHO,,,1
1628913,Jaime Nared,2018,2,1,13,Draft,1611661319.0,Las Vegas,Aces,LVA,,,1
1628906,Stephanie Mavunga,2018,2,2,14,Draft,1611661325.0,Indiana,Fever,IND,,,1
1628881,Monique Billings,2018,2,3,15,Draft,1611661330.0,Atlanta,Dream,ATL,,,1
1628929,Kristy Wallace,2018,2,4,16,Draft,1611661330.0,Atlanta,Dream,ATL,,,1
1628917,JiSu Park,2018,2,5,17,Draft,1611661324.0,Minnesota,Lynx,MIN,,,1
1628893,Loryn Goodwin,2018,2,6,18,Draft,1611661321.0,Dallas,Wings,DAL,,,1
1628899,Myisha Hines-Allen,2018,2,7,19,Draft,1611661322.0,Washington,Mystics,WAS,,,1
1628921,Tyler Scaife,2018,2,8,20,Draft,1611661317.0,Phoenix,Mercury,PHO,,,0
1628912,Raisa Musina,2018,2,9,21,Draft,1611661317.0,Phoenix,Mercury,PHO,,,0
1628920,Mercedes Russell,2018,2,10,22,Draft,1611661313.0,New York,Liberty,NYL,,,1
1628925,Shakayla Thomas,2018,2,11,23,Draft,1611661320.0,Los Angeles,Sparks,LAS,,,1
1628936,Kahlia Lawrence,2018,2,12,24,Draft,1611661324.0,Minnesota,Lynx,MIN,,,1
1628905,Raigyne Louis,2018,3,1,25,Draft,1611661319.0,Las Vegas,Aces,LVA,,,1
1628933,Imani Wright,2018,3,2,26,Draft,1611661317.0,Phoenix,Mercury,PHO,,,1
1628937,Mackenzie Engram,2018,3,3,27,Draft,1611661330.0,Atlanta,Dream,ATL,,,1
1628888,Amarah Coleman,2018,3,4,28,Draft,1611661329.0,Chicago,Sky,CHI,,,1
1628911,Teana Muldrow,2018,3,5,29,Draft,1611661328.0,Seattle,Storm,SEA,,,1
1628885,Natalie Butler,2018,3,6,30,Draft,1611661321.0,Dallas,Wings,DAL,,,1
1628894,Rebecca Greenwell,2018,3,7,31,Draft,1611661322.0,Washington,Mystics,WAS,,,0
1628938,Jill Barta,2018,3,8,32,Draft,1611661319.0,Las Vegas,Aces,LVA,,,1
1628889,Mikayla Cowling,2018,3,9,33,Draft,1611661323.0,Connecticut,Sun,CON,,,1
1628939,Leslie Robinson,2018,3,10,34,Draft,1611661313.0,New York,Liberty,NYL,,,1
1628919,Julia Reisingerova,2018,3,11,35,Draft,1611661320.0,Los Angeles,Sparks,LAS,,,0
1628928,Carlie Wagner,2018,3,12,36,Draft,1611661324.0,Minnesota,Lynx,MIN,,,1
1628276,Kelsey Plum,2017,1,1,1,Draft,1611661319.0,San Antonio,Stars,SAN,,,1
1628268,Alaina Coates,2017,1,2,2,Draft,1611661329.0,Chicago,Sky,CHI,,,1
1628262,Evelyn Akhator,2017,1,3,3,Draft,1611661321.0,Dallas,Wings,DAL,,,1
1628277,Allisha Gray,2017,1,4,4,Draft,1611661321.0,Dallas,Wings,DAL,,,1
1628269,Nia Coffey,2017,1,5,5,Draft,1611661319.0,San Antonio,Stars,SAN,,,1
1628278,Shatori Walker-Kimbrough,2017,1,6,6,Draft,1611661322.0,Washington,Mystics,WAS,,,1
1628279,Brittney Sykes,2017,1,7,7,Draft,1611661330.0,Atlanta,Dream,ATL,,,1
1628280,Brionna Jones,2017,1,8,8,Draft,1611661323.0,Connecticut,Sun,CON,,,1
1628281,Tori Jankoska,2017,1,9,9,Draft,1611661329.0,Chicago,Sky,CHI,,,1
1628273,Kaela Davis,2017,1,10,10,Draft,1611661321.0,Dallas,Wings,DAL,,,1
1628282,Sydney Wiese,2017,1,11,11,Draft,1611661320.0,Los Angeles,Sparks,LAS,,,1
1628283,Alexis Jones,2017,1,12,12,Draft,1611661324.0,Minnesota,Lynx,MIN,,,1
1628271,Shayla Cooper,2017,2,1,13,Draft,1611661323.0,Connecticut,Sun,CON,,,1
1628263,Lindsay Allen,2017,2,2,14,Draft,1611661313.0,New York,Liberty,NYL,,,1
1628284,Alexis Peterson,2017,2,3,15,Draft,1611661328.0,Seattle,Storm,SEA,,,1
1628285,Leticia Romero,2017,2,4,16,Draft,1611661323.0,Connecticut,Sun,CON,,,1
1628286,Erica McCall,2017,2,5,17,Draft,1611661325.0,Indiana,Fever,IND,,,1
1628287,Jennie Simms,2017,2,6,18,Draft,1611661322.0,Washington,Mystics,WAS,,,1
1628288,Jordan Reynolds,2017,2,7,19,Draft,1611661330.0,Atlanta,Dream,ATL,,,0
1628289,Feyonda Fitzgerald,2017,2,8,20,Draft,1611661325.0,Indiana,Fever,IND,,,1
1628290,Chantel Osahor,2017,2,9,21,Draft,1611661329.0,Chicago,Sky,CHI,,,1
1628291,Ronni Williams,2017,2,10,22,Draft,1611661325.0,Indiana,Fever,IND,,,1
1628292,Breanna Lewis,2017,2,11,23,Draft,1611661321.0,Dallas,Wings,DAL,,,1
1628293,Lisa Berkani,2017,2,12,24,Draft,1611661324.0,Minnesota,Lynx,MIN,,,0
1628294,Schaquilla Nunn,2017,3,1,25,Draft,1611661319.0,San Antonio,Stars,SAN,,,0
1628267,Saniya Chong,2017,3,2,26,Draft,1611661321.0,Dallas,Wings,DAL,,,1
1628295,Mehryn Kraker,2017,3,3,27,Draft,1611661322.0,Washington,Mystics,WAS,,,1
1628296,Jessica January,2017,3,4,28,Draft,1611661323.0,Connecticut,Sun,CON,,,1
1628297,Alexis Prince,2017,3,5,29,Draft,1611661317.0,Phoenix,Mercury,PHO,,,1
1628298,Lanay Montgomery,2017,3,6,30,Draft,1611661328.0,Seattle,Storm,SEA,,,1
1628266,Oderah Chidom,2017,3,7,31,Draft,1611661330.0,Atlanta,Dream,ATL,,,1
1628299,Adrienne Motley,2017,3,8,32,Draft,1611661325.0,Indiana,Fever,IND,,,1
1628300,Makayla Epps,2017,3,9,33,Draft,1611661329.0,Chicago,Sky,CHI,,,1
1628301,Kai James,2017,3,10,34,Draft,1611661313.0,New York,Liberty,NYL,,,1
1628302,Saicha Grant-Allen,2017,3,11,35,Draft,1611661320.0,Los Angeles,Sparks,LAS,,,1
1628303,Tahlia Tupaea,2017,3,12,36,Draft,1611661324.0,Minnesota,Lynx,MIN,,,0
1627668,Breanna Stewart,2016,1,1,1,Draft,1611661328.0,Seattle,Storm,SEA,,,1
1627669,Moriah Jefferson,2016,1,2,2,Draft,1611661319.0,San Antonio,Stars,SAN,,,1
1627670,Morgan Tuck,2016,1,3,3,Draft,1611661323.0,Connecticut,Sun,CON,,,1
1627671,Rachel Banham,2016,1,4,4,Draft,1611661323.0,Connecticut,Sun,CON,,,1
1627672,Aerial Powers,2016,1,5,5,Draft,1611661321.0,Dallas,Wings,DAL,,,1
1627673,Jonquel Jones,2016,1,6,6,Draft,1611661320.0,Los Angeles,Sparks,LAS,,,1
1627674,Kahleah Copper,2016,1,7,7,Draft,1611661322.0,Washington,Mystics,WAS,,,1
1627675,Courtney Williams,2016,1,8,8,Draft,1611661317.0,Phoenix,Mercury,PHO,,,1
1627676,Tiffany Mitchell,2016,1,9,9,Draft,1611661325.0,Indiana,Fever,IND,,,1
1627677,Imani McGee-Stafford,2016,1,10,10,Draft,1611661329.0,Chicago,Sky,CHI,,,1
1627678,Bria Holmes,2016,1,11,11,Draft,1611661330.0,Atlanta,Dream,ATL,,,1
1627679,Adut Bulgak,2016,1,12,12,Draft,1611661313.0,New York,Liberty,NYL,,,1
1627680,Rachel Hollivay,2016,2,1,13,Draft,1611661330.0,Atlanta,Dream,ATL,,,1
1627681,Jazmon Gwathmey,2016,2,2,14,Draft,1611661324.0,Minnesota,Lynx,MIN,,,1
1627682,Whitney Knight,2016,2,3,15,Draft,1611661320.0,Los Angeles,Sparks,LAS,,,1
1627683,Courtney Walker,2016,2,4,16,Draft,1611661330.0,Atlanta,Dream,ATL,,,1
1627684,Jamie Weisner,2016,2,5,17,Draft,1611661323.0,Connecticut,Sun,CON,,,1
1627685,Ruth Hamblin,2016,2,6,18,Draft,1611661321.0,Dallas,Wings,DAL,,,1
1627686,Lia Galdeira,2016,2,7,19,Draft,1611661322.0,Washington,Mystics,WAS,,,1
1627687,Jillian Alleyne,2016,2,8,20,Draft,1611661317.0,Phoenix,Mercury,PHO,,,1
1627688,Brene Moseley,2016,2,9,21,Draft,1611661325.0,Indiana,Fever,IND,,,1
1627689,Bashaara Graves,2016,2,10,22,Draft,1611661324.0,Minnesota,Lynx,MIN,,,1
1627690,Brianna Butler,2016,2,11,23,Draft,1611661320.0,Los Angeles,Sparks,LAS,,,1
1627691,Ameryst Alston,2016,2,12,24,Draft,1611661313.0,New York,Liberty,NYL,,,1
1627692,Brittney Martin,2016,3,1,25,Draft,1611661319.0,San Antonio,Stars,SAN,,,0
1627693,Lexi Eaton Rydalch,2016,3,2,26,Draft,1611661328.0,Seattle,Storm,SEA,,,1
1627694,Aliyyah Handford,2016,3,3,27,Draft,1611661323.0,Connecticut,Sun,CON,,,0
1627695,Niya Johnson,2016,3,4,28,Draft,1611661330.0,Atlanta,Dream,ATL,,,1
1627696,Talia Walton,2016,3,5,29,Draft,1611661320.0,Los Angeles,Sparks,LAS,,,0
1627697,Shakena Richardson,2016,3,6,30,Draft,1611661321.0,Dallas,Wings,DAL,,,1
1627698,Danaejah Grant,2016,3,7,31,Draft,1611661322.0,Washington,Mystics,WAS,,,1
1627699,Nirra Fields,2016,3,8,32,Draft,1611661317.0,Phoenix,Mercury,PHO,,,1
1627700,Julie Allemand,2016,3,9,33,Draft,1611661325.0,Indiana,Fever,IND,,,1
1627716,Jordan Jones,2016,3,10,34,Draft,1611661329.0,Chicago,Sky,CHI,,,1
1627701,Temi Fagbenle,2016,3,11,35,Draft,1611661324.0,Minnesota,Lynx,MIN,,,1
1627702,Shacobia Barbee,2016,3,12,36,Draft,1611661313.0,New York,Liberty,NYL,,,1
204319,Jewell Loyd,2015,1,1,1,Draft,1611661328.0,Seattle,Storm,SEA,,,1
204320,Amanda Zahui B,2015,1,2,2,Draft,1611661321.0,Tulsa,Shock,TUL,,,1
204321,Kaleena Mosqueda-Lewis,2015,1,3,3,Draft,1611661328.0,Seattle,Storm,SEA,,,1
204322,Elizabeth Williams,2015,1,4,4,Draft,1611661323.0,Connecticut,Sun,CON,,,1
204323,Cheyenne Parker-Tyus,2015,1,5,5,Draft,1611661329.0,Chicago,Sky,CHI,,,1
204324,Dearica Hamby,2015,1,6,6,Draft,1611661319.0,San Antonio,Stars,SAN,,,1
204325,Crystal Bradford,2015,1,7,7,Draft,1611661320.0,Los Angeles,Sparks,LAS,,,1
204326,Ally Malott,2015,1,8,8,Draft,1611661322.0,Washington,Mystics,WAS,,,1
204327,Brittany Boyd-Jones,2015,1,9,9,Draft,1611661313.0,New York,Liberty,NYL,,,1
204328,Samantha Logic,2015,1,10,10,Draft,1611661330.0,Atlanta,Dream,ATL,,,1
204329,Kiah Stokes,2015,1,11,11,Draft,1611661313.0,New York,Liberty,NYL,,,1
204330,Isabelle Harrison,2015,1,12,12,Draft,1611661317.0,Phoenix,Mercury,PHO,,,1
204331,Brianna Kiesel,2015,2,1,13,Draft,1611661321.0,Tulsa,Shock,TUL,,,1
204332,Cierra Burdick,2015,2,2,14,Draft,1611661320.0,Los Angeles,Sparks,LAS,,,1
204333,Natasha Cloud,2015,2,3,15,Draft,1611661322.0,Washington,Mystics,WAS,,,1
204334,Reshanda Gray,2015,2,4,16,Draft,1611661324.0,Minnesota,Lynx,MIN,,,1
204335,Betnijah Laney-Hamilton,2015,2,5,17,Draft,1611661329.0,Chicago,Sky,CHI,,,1
204336,Alex Harden,2015,2,6,18,Draft,1611661317.0,Phoenix,Mercury,PHO,,,1
204337,Brittany Hrynko,2015,2,7,19,Draft,1611661323.0,Connecticut,Sun,CON,,,1
204338,Vicky McIntyre,2015,2,8,20,Draft,1611661328.0,Seattle,Storm,SEA,,,1
204339,Chelsea Gardner,2015,2,9,21,Draft,1611661325.0,Indiana,Fever,IND,,,1
204340,Aleighsa Welch,2015,2,10,22,Draft,1611661329.0,Chicago,Sky,CHI,,,0
204341,Amber Orrange,2015,2,11,23,Draft,1611661313.0,New York,Liberty,NYL,,,1
204342,Zofia Hruscakova,2015,2,12,24,Draft,1611661317.0,Phoenix,Mercury,PHO,,,0
204343,Mimi Mungedi,2015,3,1,25,Draft,1611661321.0,Tulsa,Shock,TUL,,,0
204344,Nneka Enemkpali,2015,3,2,26,Draft,1611661328.0,Seattle,Storm,SEA,,,0
204345,Laurin Mincy,2015,3,3,27,Draft,1611661313.0,New York,Liberty,NYL,,,0
204346,Ariel Massengale,2015,3,5,29,Draft,1611661330.0,Atlanta,Dream,ATL,,,1
204347,Dragana Stankovic,2015,3,6,30,Draft,1611661319.0,San Antonio,Stars,SAN,,,0
204348,Andrea Hoover,2015,3,7,31,Draft,1611661320.0,Los Angeles,Sparks,LAS,,,1
204349,Marica Gajic,2015,3,8,32,Draft,1611661322.0,Washington,Mystics,WAS,,,0
204350,Nikki Moody,2015,3,9,33,Draft,1611661319.0,San Antonio,Stars,SAN,,,1
204351,Lauren Okafor,2015,3,10,34,Draft,1611661330.0,Atlanta,Dream,ATL,,,1
204352,Shae Kelley,2015,3,11,35,Draft,1611661324.0,Minnesota,Lynx,MIN,,,1
204353,Promise Amukamara,2015,3,12,36,Draft,1611661317.0,Phoenix,Mercury,PHO,,,1
203823,Chiney Ogwumike,2014,1,1,1,Draft,1611661323.0,Connecticut,Sun,CON,,,1
203824,Odyssey Sims,2014,1,2,2,Draft,1611661321.0,Tulsa,Shock,TUL,,,1
203825,Kayla McBride,2014,1,3,3,Draft,1611661319.0,San Antonio,Stars,SAN,,,1
203826,Alyssa Thomas,2014,1,4,4,Draft,1611661313.0,New York,Liberty,NYL,,,1
203827,Natasha Howard,2014,1,5,5,Draft,1611661325.0,Indiana,Fever,IND,,,1
203828,Stefanie Dolson,2014,1,6,6,Draft,1611661322.0,Washington,Mystics,WAS,,,1
203829,Bria Hartley,2014,1,7,7,Draft,1611661328.0,Seattle,Storm,SEA,,,1
203830,Shoni Schimmel,2014,1,8,8,Draft,1611661330.0,Atlanta,Dream,ATL,,,1
203831,Natalie Achonwa,2014,1,9,9,Draft,1611661325.0,Indiana,Fever,IND,,,1
203832,Markeisha Gatling,2014,1,10,10,Draft,1611661329.0,Chicago,Sky,CHI,,,1
203833,Chelsea Gray,2014,1,11,11,Draft,1611661323.0,Connecticut,Sun,CON,,,1
203834,Tricia Liston,2014,1,12,12,Draft,1611661324.0,Minnesota,Lynx,MIN,,,1
203835,Jordan Hooper,2014,2,1,13,Draft,1611661321.0,Tulsa,Shock,TUL,,,1
203836,Tyaunna Marshall,2014,2,2,14,Draft,1611661313.0,New York,Liberty,NYL,,,1
203837,Asya Bussie,2014,2,3,15,Draft,1611661324.0,Minnesota,Lynx,MIN,,,0
203838,Astou Ndour-Fall,2014,2,4,16,Draft,1611661319.0,San Antonio,Stars,SAN,,,1
203839,Tiffany Bias,2014,2,5,17,Draft,1611661317.0,Phoenix,Mercury,PHO,,,1
203840,Inga Orekhova,2014,2,6,18,Draft,1611661330.0,Atlanta,Dream,ATL,,,1
203841,Michelle Plouffe,2014,2,7,19,Draft,1611661328.0,Seattle,Storm,SEA,,,1
203842,Cassie Harberts,2014,2,8,20,Draft,1611661330.0,Atlanta,Dream,ATL,,,1
203843,Maggie Lucas,2014,2,9,21,Draft,1611661317.0,Phoenix,Mercury,PHO,,,1
203844,Gennifer Brandon,2014,2,10,22,Draft,1611661329.0,Chicago,Sky,CHI,,,1
203845,Jennifer Hamson,2014,2,11,23,Draft,1611661320.0,Los Angeles,Sparks,LAS,,,1
203846,Christina Foggie,2014,2,12,24,Draft,1611661324.0,Minnesota,Lynx,MIN,,,1
203847,DeNesha Stallworth,2014,3,1,25,Draft,1611661323.0,Connecticut,Sun,CON,,,1
203848,Meighan Simmons,2014,3,2,26,Draft,1611661313.0,New York,Liberty,NYL,,,1
203849,Theresa Plaisance,2014,3,3,27,Draft,1611661321.0,Tulsa,Shock,TUL,,,1
203850,Bri Kulas,2014,3,4,28,Draft,1611661319.0,San Antonio,Stars,SAN,,,1
203851,Haiden Palmer,2014,3,5,29,Draft,1611661325.0,Indiana,Fever,IND,,,1
42611,Carley Mijovic,2014,3,6,30,Draft,1611661322.0,Washington,Mystics,WAS,,,0
203853,Mikaela Ruef,2014,3,7,31,Draft,1611661328.0,Seattle,Storm,SEA,,,1
203854,Kody Burke,2014,3,8,32,Draft,1611661322.0,Washington,Mystics,WAS,,,1
203855,Stephanie Talbot,2014,3,9,33,Draft,1611661317.0,Phoenix,Mercury,PHO,,,1
203857,Jamierra Faulkner,2014,3,10,34,Draft,1611661329.0,Chicago,Sky,CHI,,,1
203858,Antonita Slaughter,2014,3,11,35,Draft,1611661320.0,Los Angeles,Sparks,LAS,,,0
203859,Asia Taylor,2014,3,12,36,Draft,1611661324.0,Minnesota,Lynx,MIN,,,1
203398,Brittney Griner,2013,1,1,1,Draft,1611661317.0,Phoenix,Mercury,PHO,,,1
203399,Elena Delle Donne,2013,1,2,2,Draft,1611661329.0,Chicago,Sky,CHI,,,1
203400,Skylar Diggins,2013,1,3,3,Draft,1611661321.0,Tulsa,Shock,TUL,,,1
203401,Tayler Hill,2013,1,4,4,Draft,1611661322.0,Washington,Mystics,WAS,,,1
203402,Kelsey Bone,2013,1,5,5,Draft,1611661313.0,New York,Liberty,NYL,,,1
203403,Tianna Hawkins,2013,1,6,6,Draft,1611661328.0,Seattle,Storm,SEA,,,1
203404,Toni Young,2013,1,7,7,Draft,1611661313.0,New York,Liberty,NYL,,,1
203405,Kayla Alexander,2013,1,8,8,Draft,1611661319.0,San Antonio,Silver Stars,SAN,,,1
203406,Layshia Clarendon,2013,1,9,9,Draft,1611661325.0,Indiana,Fever,IND,,,1
203407,A'dia Mathies,2013,1,10,10,Draft,1611661320.0,Los Angeles,Sparks,LAS,,,1
203408,Kelly Faris,2013,1,11,11,Draft,1611661323.0,Connecticut,Sun,CON,,,1
203409,Lindsey Moore,2013,1,12,12,Draft,1611661324.0,Minnesota,Lynx,MIN,,,1
203410,Alex Bentley,2013,2,1,13,Draft,1611661330.0,Atlanta,Dream,ATL,,,1
203411,Sugar Rodgers,2013,2,2,14,Draft,1611661324.0,Minnesota,Lynx,MIN,,,1
203412,Kamiko Williams,2013,2,3,15,Draft,1611661313.0,New York,Liberty,NYL,,,1
203413,Davellyn Whyte,2013,2,4,16,Draft,1611661319.0,San Antonio,Silver Stars,SAN,,,1
203414,Nadirah McKenith,2013,2,5,17,Draft,1611661322.0,Washington,Mystics,WAS,,,1
203415,Chelsea Poppens,2013,2,6,18,Draft,1611661328.0,Seattle,Storm,SEA,,,1
203416,Emma Meesseman,2013,2,7,19,Draft,1611661322.0,Washington,Mystics,WAS,,,1
203417,Diandra Tchatchouang,2013,2,8,20,Draft,1611661319.0,San Antonio,Silver Stars,SAN,,,0
203418,Jasmine Hassell,2013,2,9,21,Draft,1611661325.0,Indiana,Fever,IND,,,1
203419,Brittany Chambers,2013,2,10,22,Draft,1611661320.0,Los Angeles,Sparks,LAS,,,1
203420,Anna Prins,2013,2,11,23,Draft,1611661323.0,Connecticut,Sun,CON,,,0
203421,Chucky Jeffery,2013,2,12,24,Draft,1611661324.0,Minnesota,Lynx,MIN,,,1
203422,Shenneika Smith,2013,3,1,25,Draft,1611661313.0,New York,Liberty,NYL,,,1
203423,Nikki Greene,2013,3,2,26,Draft,1611661317.0,Phoenix,Mercury,PHO,,,1
203424,Olcay Cakir,2013,3,3,27,Draft,1611661313.0,New York,Liberty,NYL,,,0
203425,Brooklyn Pope,2013,3,4,28,Draft,1611661329.0,Chicago,Sky,CHI,,,0
203426,Angel Goodrich,2013,3,5,29,Draft,1611661321.0,Tulsa,Shock,TUL,,,1
203427,Jasmine James,2013,3,6,30,Draft,1611661328.0,Seattle,Storm,SEA,,,1
203428,Anne Marie Armstrong,2013,3,7,31,Draft,1611661330.0,Atlanta,Dream,ATL,,,1
203429,Whitney Hand Jones,2013,3,8,32,Draft,1611661319.0,San Antonio,Silver Stars,SAN,,,1
203430,Jennifer George,2013,3,9,33,Draft,1611661325.0,Indiana,Fever,IND,,,0
1627610,Alina Iagupova,2013,3,10,34,Draft,1611661320.0,Los Angeles,Sparks,LAS,,,0
203431,Andrea Smith,2013,3,11,35,Draft,1611661323.0,Connecticut,Sun,CON,,,0
203432,Waltiea Rolle,2013,3,12,36,Draft,1611661324.0,Minnesota,Lynx,MIN,,,1
203014,Nneka Ogwumike,2012,1,1,1,Draft,1611661320.0,Los Angeles,Sparks,LAS,,,1
203015,Shekinna Stricklen,2012,1,2,2,Draft,1611661328.0,Seattle,Storm,SEA,,,1
203016,Devereaux Peters,2012,1,3,3,Draft,1611661324.0,Minnesota,Lynx,MIN,,,1
203017,Glory Johnson,2012,1,4,4,Draft,1611661321.0,Tulsa,Shock,TUL,,,1
203018,Shenise Johnson,2012,1,5,5,Draft,1611661319.0,San Antonio,Silver Stars,SAN,,,1
203019,Samantha Prahalis,2012,1,6,6,Draft,1611661317.0,Phoenix,Mercury,PHO,,,1
203020,Kelley Cain,2012,1,7,7,Draft,1611661313.0,New York,Liberty,NYL,,,1
203021,Natalie Novosel,2012,1,8,8,Draft,1611661322.0,Washington,Mystics,WAS,,,1
203022,Astan Dabo,2012,1,9,9,Draft,1611661323.0,Connecticut,Sun,CON,,,0
203023,LaSondra Barrett,2012,1,10,10,Draft,1611661322.0,Washington,Mystics,WAS,,,1
203067,Sasha Goodlett,2012,1,11,11,Draft,1611661325.0,Indiana,Fever,IND,,,1
203024,Damiris Dantas,2012,1,12,12,Draft,1611661324.0,Minnesota,Lynx,MIN,,,1
203025,Farhiya Abdi,2012,2,1,13,Draft,1611661320.0,Los Angeles,Sparks,LAS,,,1
203026,Tiffany Hayes,2012,2,2,14,Draft,1611661330.0,Atlanta,Dream,ATL,,,1
203027,Khadijah Rushdan,2012,2,3,15,Draft,1611661320.0,Los Angeles,Sparks,LAS,,,1
203028,Tyra White,2012,2,4,16,Draft,1611661320.0,Los Angeles,Sparks,LAS,,,1
203029,Riquna Williams,2012,2,5,17,Draft,1611661321.0,Tulsa,Shock,TUL,,,1
203030,Julie Wojta,2012,2,6,18,Draft,1611661324.0,Minnesota,Lynx,MIN,,,1
203031,Kayla Standish,2012,2,7,19,Draft,1611661324.0,Minnesota,Lynx,MIN,,,0
203032,Nika Baric,2012,2,8,20,Draft,1611661324.0,Minnesota,Lynx,MIN,,,1
203033,Chay Shegog,2012,2,9,21,Draft,1611661323.0,Connecticut,Sun,CON,,,1
203034,Keisha Hampton,2012,2,10,22,Draft,1611661328.0,Seattle,Storm,SEA,,,1
203035,Shey Peddy,2012,2,11,23,Draft,1611661329.0,Chicago,Sky,CHI,,,1
203036,C'eira Ricketts,2012,2,12,24,Draft,1611661317.0,Phoenix,Mercury,PHO,,,0
203037,Vicki Baugh,2012,3,1,25,Draft,1611661321.0,Tulsa,Shock,TUL,,,1
203038,Anjale Barrett,2012,3,2,26,Draft,1611661322.0,Washington,Mystics,WAS,,,0
203039,Sydney Carter,2012,3,3,27,Draft,1611661329.0,Chicago,Sky,CHI,,,1
203040,April Sykes,2012,3,4,28,Draft,1611661320.0,Los Angeles,Sparks,LAS,,,1
203041,Lynetta Kizer,2012,3,5,29,Draft,1611661321.0,Tulsa,Shock,TUL,,,1
203042,Christine Flores,2012,3,6,30,Draft,1611661317.0,Phoenix,Mercury,PHO,,,1
203043,Jacki Gemelos,2012,3,7,31,Draft,1611661324.0,Minnesota,Lynx,MIN,,,1
1627619,Isabelle Yacoubou,2012,3,8,32,Draft,1611661330.0,Atlanta,Dream,ATL,,,0
203044,Amanda Johnson,2012,3,9,33,Draft,1611661317.0,Phoenix,Mercury,PHO,,,0
203045,Courtney Hurt,2012,3,10,34,Draft,1611661325.0,Indiana,Fever,IND,,,0
203046,Briana Butler,2012,3,11,35,Draft,1611661322.0,Washington,Mystics,WAS,,,1
203047,Katelan Redmon,2012,3,12,36,Draft,1611661313.0,New York,Liberty,NYL,,,1
202632,Maya Moore,2011,1,1,1,Draft,1611661324.0,Minnesota,Lynx,MIN,,,1
202633,Liz Cambage,2011,1,2,2,Draft,1611661321.0,Tulsa,Shock,TUL,,,1
202664,Courtney Vandersloot,2011,1,3,3,Draft,1611661329.0,Chicago,Sky,CHI,,,1
202644,Amber Harris,2011,1,4,4,Draft,1611661324.0,Minnesota,Lynx,MIN,,,1
202650,Jantel Lavender,2011,1,5,5,Draft,1611661320.0,Los Angeles,Sparks,LAS,,,1
202658,Danielle Robinson,2011,1,6,6,Draft,1611661319.0,San Antonio,Silver Stars,SAN,,,1
202653,Kayla Pedersen,2011,1,7,7,Draft,1611661321.0,Tulsa,Shock,TUL,,,1
202655,Ta'Shia Phillips,2011,1,8,8,Draft,1611661330.0,Atlanta,Dream,ATL,,,1
202656,Jeanette Pohlen-Mavunga,2011,1,9,9,Draft,1611661325.0,Indiana,Fever,IND,,,1
202652,Alex Montgomery,2011,1,10,10,Draft,1611661313.0,New York,Liberty,NYL,,,1
202643,Victoria Dunlap,2011,1,11,11,Draft,1611661322.0,Washington,Mystics,WAS,,,1
202662,Jasmine Thomas,2011,1,12,12,Draft,1611661328.0,Seattle,Storm,SEA,,,1
202638,Jessica Breland,2011,2,1,13,Draft,1611661324.0,Minnesota,Lynx,MIN,,,1
202639,Felicia Chester-Wootton,2011,2,2,14,Draft,1611661324.0,Minnesota,Lynx,MIN,,,1
202670,Carolyn Swords,2011,2,3,15,Draft,1611661329.0,Chicago,Sky,CHI,,,1
202641,Sydney Colson,2011,2,4,16,Draft,1611661323.0,Connecticut,Sun,CON,,,1
202637,Angie Bjorklund,2011,2,5,17,Draft,1611661329.0,Chicago,Sky,CHI,,,1
202647,Rachel Jarry,2011,2,6,18,Draft,1611661330.0,Atlanta,Dream,ATL,,,1
202660,Brittany Spears,2011,2,7,19,Draft,1611661317.0,Phoenix,Mercury,PHO,,,1
202634,Danielle Adams,2011,2,8,20,Draft,1611661319.0,San Antonio,Silver Stars,SAN,,,1
202651,Italee Lucas,2011,2,9,21,Draft,1611661321.0,Tulsa,Shock,TUL,,,1
202270,Angel Robinson,2011,2,10,22,Draft,1611661313.0,New York,Liberty,NYL,,,1
202640,Karima Christmas-Kelly,2011,2,11,23,Draft,1611661322.0,Washington,Mystics,WAS,,,1
202645,Ify Ibekwe,2011,2,12,24,Draft,1611661328.0,Seattle,Storm,SEA,,,1
202665,Chastity Reed,2011,3,1,25,Draft,1611661321.0,Tulsa,Shock,TUL,,,1
202636,Kachine Alexander,2011,3,2,26,Draft,1611661324.0,Minnesota,Lynx,MIN,,,1
202646,Amy Jaeschke,2011,3,3,27,Draft,1611661329.0,Chicago,Sky,CHI,,,1
100100,Adrienne Johnson,2011,3,4,28,Draft,1611661323.0,Connecticut,Sun,CON,,,1
202666,Elina Babkina,2011,3,5,29,Draft,1611661320.0,Los Angeles,Sparks,LAS,,,0
202654,Porsha Phillips,2011,3,6,30,Draft,1611661319.0,San Antonio,Silver Stars,SAN,,,1
202659,Tahnee Robinson,2011,3,7,31,Draft,1611661317.0,Phoenix,Mercury,PHO,,,1
202667,Kelsey Bolte,2011,3,8,32,Draft,1611661330.0,Atlanta,Dream,ATL,,,0
202642,Jori Davis,2011,3,9,33,Draft,1611661325.0,Indiana,Fever,IND,,,0
202668,Mekia Valentine,2011,3,10,34,Draft,1611661313.0,New York,Liberty,NYL,,,1
202649,Sara Krnjic,2011,3,11,35,Draft,1611661322.0,Washington,Mystics,WAS,,,0
202663,Krystal Thomas,2011,3,12,36,Draft,1611661328.0,Seattle,Storm,SEA,,,1
202250,Tina Charles,2010,1,1,1,Draft,1611661323.0,Connecticut,Sun,CON,,,1
202257,Monica Wright,2010,1,2,2,Draft,1611661324.0,Minnesota,Lynx,MIN,,,1
202254,Kelsey Griffin,2010,1,3,3,Draft,1611661324.0,Minnesota,Lynx,MIN,,,1
202259,Epiphanny Prince,2010,1,4,4,Draft,1611661329.0,Chicago,Sky,CHI,,,1
202251,Jayne Appel Marinelli,2010,1,5,5,Draft,1611661319.0,San Antonio,Silver Stars,SAN,,,1
202261,Jacinta Monroe,2010,1,6,6,Draft,1611661322.0,Washington,Mystics,WAS,,,1
202263,Danielle McCray,2010,1,7,7,Draft,1611661323.0,Connecticut,Sun,CON,,,1
202315,Andrea Riley,2010,1,8,8,Draft,1611661320.0,Los Angeles,Sparks,LAS,,,1
202264,Chanel Mokango,2010,1,9,9,Draft,1611661330.0,Atlanta,Dream,ATL,,,1
202256,Alison Lacey,2010,1,10,10,Draft,1611661328.0,Seattle,Storm,SEA,,,1
202265,Jene Morris,2010,1,11,11,Draft,1611661325.0,Indiana,Fever,IND,,,1
202266,Bianca Thomas,2010,1,12,12,Draft,1611661320.0,Los Angeles,Sparks,LAS,,,1
202253,Kalana Greene,2010,2,1,13,Draft,1611661313.0,New York,Liberty,NYL,,,1
202267,Jenna Smith,2010,2,2,14,Draft,1611661322.0,Washington,Mystics,WAS,,,0
202255,Allison Hightower,2010,2,3,15,Draft,1611661323.0,Connecticut,Sun,CON,,,1
202262,Ashley Houts,2010,2,4,16,Draft,1611661313.0,New York,Liberty,NYL,,,1
202252,Alysha Clark,2010,2,5,17,Draft,1611661319.0,San Antonio,Silver Stars,SAN,,,1
202268,Shanavia Dowdell,2010,2,6,18,Draft,1611661322.0,Washington,Mystics,WAS,,,1
202269,Amanda Thompson,2010,2,7,19,Draft,1611661321.0,Tulsa,Shock,TUL,,,1
202657,Angel Robinson,2010,2,8,20,Draft,1611661320.0,Los Angeles,Sparks,LAS,,,1
202271,Brigitte Ardossi,2010,2,9,21,Draft,1611661330.0,Atlanta,Dream,ATL,,,1
202272,Tanisha Smith,2010,2,10,22,Draft,1611661328.0,Seattle,Storm,SEA,,,0
202273,Armelie Lumanu,2010,2,11,23,Draft,1611661328.0,Seattle,Storm,SEA,,,0
202258,Tyra Grant,2010,2,12,24,Draft,1611661317.0,Phoenix,Mercury,PHO,,,1
202275,Cory Montgomery,2010,3,1,25,Draft,1611661313.0,New York,Liberty,NYL,,,1
202276,Gabriela Marginean,2010,3,2,26,Draft,1611661324.0,Minnesota,Lynx,MIN,,,1
202277,Johannah Leedham,2010,3,3,27,Draft,1611661323.0,Connecticut,Sun,CON,,,1
202278,Abi Olajuwon,2010,3,4,28,Draft,1611661329.0,Chicago,Sky,CHI,,,1
202279,Alexis Rack,2010,3,5,29,Draft,1611661319.0,San Antonio,Silver Stars,SAN,,,1
202280,Alexis Gray-Lawson,2010,3,6,30,Draft,1611661322.0,Washington,Mystics,WAS,,,1
202281,Vivian Frieson,2010,3,7,31,Draft,1611661321.0,Tulsa,Shock,TUL,,,0
202282,Rashidat Junaid,2010,3,8,32,Draft,1611661320.0,Los Angeles,Sparks,LAS,,,1
202283,Brittainey Raven,2010,3,9,33,Draft,1611661330.0,Atlanta,Dream,ATL,,,1
202284,Tijana Krivacevic,2010,3,10,34,Draft,1611661328.0,Seattle,Storm,SEA,,,0
202285,Joy Cheek,2010,3,11,35,Draft,1611661325.0,Indiana,Fever,IND,,,1
202286,Nyeshia Stevenson,2010,3,12,36,Draft,1611661317.0,Phoenix,Mercury,PHO,,,1
201881,Angel McCoughtry,2009,1,1,1,Draft,1611661330.0,Atlanta,Dream,ATL,,,1
201889,Marissa Coleman,2009,1,2,2,Draft,1611661322.0,Washington,Mystics,WAS,,,1
201911,Kristi Toliver,2009,1,3,3,Draft,1611661329.0,Chicago,Sky,CHI,,,1
201904,Renee Montgomery,2009,1,4,4,Draft,1611661324.0,Minnesota,Lynx,MIN,,,1
201886,DeWanna Bonner,2009,1,5,5,Draft,1611661317.0,Phoenix,Mercury,PHO,,,1
201896,Briann January,2009,1,6,6,Draft,1611661325.0,Indiana,Fever,IND,,,1
201907,Courtney Paris,2009,1,7,7,Draft,1611661318.0,Sacramento,Monarchs,SAC,,,1
201913,Kia Vaughn,2009,1,8,8,Draft,1611661313.0,New York,Liberty,NYL,,,1
201895,Quanitra Hollingsworth,2009,1,9,9,Draft,1611661324.0,Minnesota,Lynx,MIN,,,1
201884,Chante Black,2009,1,10,10,Draft,1611661323.0,Connecticut,Sun,CON,,,1
201919,Shavonte Zellous,2009,1,11,11,Draft,1611661321.0,Detroit,Shock,DET,,,1
201914,Ashley Walker,2009,1,12,12,Draft,1611661328.0,Seattle,Storm,SEA,,,1
201918,Lindsay Wisdom-Hylton,2009,1,13,13,Draft,1611661320.0,Los Angeles,Sparks,LAS,,,1
201892,Megan Frazee,2009,2,1,14,Draft,1611661319.0,San Antonio,Silver Stars,SAN,,,1
201901,Rashanda McCants,2009,2,2,15,Draft,1611661324.0,Minnesota,Lynx,MIN,,,1
201894,Danielle Gant,2009,2,3,16,Draft,1611661329.0,Chicago,Sky,CHI,,,1
201900,Lyndra Littles,2009,2,4,17,Draft,1611661323.0,Connecticut,Sun,CON,,,1
201902,Britany Miller,2009,2,5,18,Draft,1611661321.0,Detroit,Shock,DET,,,1
201917,Christina Wirth,2009,2,6,19,Draft,1611661325.0,Indiana,Fever,IND,,,1
201885,Whitney Boddie,2009,2,7,20,Draft,1611661318.0,Sacramento,Monarchs,SAC,,,1
201915,Abby Waner,2009,2,8,21,Draft,1611661313.0,New York,Liberty,NYL,,,1
201908,Ashley Paris,2009,2,9,22,Draft,1611661320.0,Los Angeles,Sparks,LAS,,,1
201899,Camille LeNoir,2009,2,10,23,Draft,1611661322.0,Washington,Mystics,WAS,,,0
201903,Jelena Milovanovic,2009,2,11,24,Draft,1611661322.0,Washington,Mystics,WAS,,,1
201898,Shalee Lehning,2009,2,12,25,Draft,1611661330.0,Atlanta,Dream,ATL,,,1
201909,Sonja Petrovic,2009,2,13,26,Draft,1611661319.0,San Antonio,Silver Stars,SAN,,,1
201905,Jessica Morrow,2009,3,1,27,Draft,1611661330.0,Atlanta,Dream,ATL,,,0
201906,Josephine Owino,2009,3,2,28,Draft,1611661322.0,Washington,Mystics,WAS,,,1
201910,Jennifer Risper,2009,3,3,29,Draft,1611661329.0,Chicago,Sky,CHI,,,1
201891,Emily Fox,2009,3,4,30,Draft,1611661324.0,Minnesota,Lynx,MIN,,,1
201887,Sha Brooks,2009,3,5,31,Draft,1611661317.0,Phoenix,Mercury,PHO,,,1
201888,Danielle Campbell,2009,3,6,32,Draft,1611661325.0,Indiana,Fever,IND,,,1
201916,Morgan Warburton,2009,3,7,33,Draft,1611661318.0,Sacramento,Monarchs,SAC,,,1
201882,Jessica Adair,2009,3,8,34,Draft,1611661317.0,Phoenix,Mercury,PHO,,,1
201897,Britney Jordan,2009,3,9,35,Draft,1611661320.0,Los Angeles,Sparks,LAS,,,0
201912,Alba Torrens,2009,3,10,36,Draft,1611661323.0,Connecticut,Sun,CON,,,0
201890,Tenae Davis-Cain,2009,3,11,37,Draft,1611661321.0,Detroit,Shock,DET,,,1
201893,Mara Freshour,2009,3,12,38,Draft,1611661328.0,Seattle,Storm,SEA,,,1
201883,Candyce Bingham,2009,3,13,39,Draft,1611661319.0,San Antonio,Silver Stars,SAN,,,1
201496,Candace Parker,2008,1,1,1,Draft,1611661320.0,Los Angeles,Sparks,LAS,,,1
201480,Sylvia Fowles,2008,1,2,2,Draft,1611661329.0,Chicago,Sky,CHI,,,1
201499,Candice Wiggins,2008,1,3,3,Draft,1611661324.0,Minnesota,Lynx,MIN,,,1
201487,Alexis Hornbuckle,2008,1,4,4,Draft,1611661321.0,Detroit,Shock,DET,,,1
201492,Matee Ajavon,2008,1,5,5,Draft,1611661316.0,Houston,Comets,HOU,,,1
201518,Crystal Langhorne,2008,1,6,6,Draft,1611661322.0,Washington,Mystics,WAS,,,1
201502,Essence Carson,2008,1,7,7,Draft,1611661313.0,New York,Liberty,NYL,,,1
201477,Tamera Young,2008,1,8,8,Draft,1611661330.0,Atlanta,Dream,ATL,,,1
201483,Amber Holt,2008,1,9,9,Draft,1611661323.0,Connecticut,Sun,CON,,,1
201509,Laura Harper,2008,1,10,10,Draft,1611661318.0,Sacramento,Monarchs,SAC,,,1
201488,Tasha Humphrey,2008,1,11,11,Draft,1611661321.0,Detroit,Shock,DET,,,1
201484,Ketia Swanier,2008,1,12,12,Draft,1611661323.0,Connecticut,Sun,CON,,,1
201506,LaToya Sanders,2008,1,13,13,Draft,1611661317.0,Phoenix,Mercury,PHO,,,1
201503,Erlana Larkins,2008,1,14,14,Draft,1611661313.0,New York,Liberty,NYL,,,1
201497,Shannon Bobbitt,2008,2,1,15,Draft,1611661320.0,Los Angeles,Sparks,LAS,,,1
201500,Nicky Anosike,2008,2,2,16,Draft,1611661324.0,Minnesota,Lynx,MIN,,,1
201493,Erica White,2008,2,3,17,Draft,1611661316.0,Houston,Comets,HOU,,,1
201489,Olayinka Sanni,2008,2,4,18,Draft,1611661321.0,Detroit,Shock,DET,,,1
201481,Quianna Chaney,2008,2,5,19,Draft,1611661329.0,Chicago,Sky,CHI,,,1
201519,Lindsey Pluimer,2008,2,6,20,Draft,1611661322.0,Washington,Mystics,WAS,,,1
201514,Chioma Nnamaka,2008,2,7,21,Draft,1611661319.0,San Antonio,Silver Stars,SAN,,,1
201516,Allie Quigley,2008,2,8,22,Draft,1611661328.0,Seattle,Storm,SEA,,,1
201485,Jolene Anderson,2008,2,9,23,Draft,1611661323.0,Connecticut,Sun,CON,,,1
201478,Morenike Atunrase,2008,2,10,24,Draft,1611661330.0,Atlanta,Dream,ATL,,,1
201507,Leilani Mitchell,2008,2,11,25,Draft,1611661317.0,Phoenix,Mercury,PHO,,,1
201495,Khadijah Whittington,2008,2,12,26,Draft,1611661325.0,Indiana,Fever,IND,,,1
201504,Wanisha Smith,2008,2,13,27,Draft,1611661313.0,New York,Liberty,NYL,,,1
201490,Natasha Lacy,2008,2,14,28,Draft,1611661321.0,Detroit,Shock,DET,,,1
1962936166,Sharnee' Zoll,2008,3,1,29,Draft,1611661320.0,Los Angeles,Sparks,LAS,,,0
201501,Charde Houston,2008,3,2,30,Draft,1611661324.0,Minnesota,Lynx,MIN,,,1
201494,Crystal Kelly,2008,3,3,31,Draft,1611661316.0,Houston,Comets,HOU,,,1
201479,Danielle Hood,2008,3,4,32,Draft,1611661330.0,Atlanta,Dream,ATL,,,1
201482,Angela Tisdale,2008,3,5,33,Draft,1611661329.0,Chicago,Sky,CHI,,,1
201520,Krystal Vaughn,2008,3,6,34,Draft,1611661322.0,Washington,Mystics,WAS,,,1
201505,Alberta Auguste,2008,3,7,35,Draft,1611661313.0,New York,Liberty,NYL,,,0
201517,Kimberly Beck,2008,3,8,36,Draft,1611661328.0,Seattle,Storm,SEA,,,1
201486,Lauren Ervin,2008,3,9,37,Draft,1611661323.0,Connecticut,Sun,CON,,,1
201510,A'Quonesia Franklin,2008,3,10,38,Draft,1611661318.0,Sacramento,Monarchs,SAC,,,1
201515,Alex Anderson,2008,3,11,39,Draft,1611661319.0,San Antonio,Silver Stars,SAN,,,1
201511,Izabela Piekarska,2008,3,12,40,Draft,1611661318.0,Sacramento,Monarchs,SAC,,,1
201508,Marscilla Packer,2008,3,13,41,Draft,1611661317.0,Phoenix,Mercury,PHO,,,1
1962936173,Valeriya Berezhynska,2008,3,14,42,Draft,1611661321.0,Detroit,Shock,DET,,,0
201513,Charel Allen,2008,3,15,43,Draft,1611661318.0,Sacramento,Monarchs,SAC,,,1
201046,Lindsey Harding,2007,1,1,1,Draft,1611661317.0,Phoenix,Mercury,PHO,,,1
201047,Jessica Davenport,2007,1,2,2,Draft,1611661319.0,San Antonio,Silver Stars,SAN,,,1
201048,Armintie Herrington,2007,1,3,3,Draft,1611661329.0,Chicago,Sky,CHI,,,1
201049,Noelle Quinn,2007,1,4,4,Draft,1611661324.0,Minnesota,Lynx,MIN,,,1
201050,Tiffany Jackson,2007,1,5,5,Draft,1611661313.0,New York,Liberty,NYL,,,1
201051,Bernice Mosby,2007,1,6,6,Draft,1611661322.0,Washington,Mystics,WAS,,,1
201052,Katie Gearlds,2007,1,7,7,Draft,1611661328.0,Seattle,Storm,SEA,,,1
201053,Ashley Shields,2007,1,8,8,Draft,1611661316.0,Houston,Comets,HOU,,,1
201054,Alison Bales,2007,1,9,9,Draft,1611661325.0,Indiana,Fever,IND,,,1
201055,Carla Thomas,2007,1,10,10,Draft,1611661329.0,Chicago,Sky,CHI,,,1
201056,Ivory Latta,2007,1,11,11,Draft,1611661321.0,Detroit,Shock,DET,,,1
201057,Kamesha Hairston,2007,1,12,12,Draft,1611661323.0,Connecticut,Sun,CON,,,1
201058,Sandrine Gruda,2007,1,13,13,Draft,1611661323.0,Connecticut,Sun,CON,,,1
201061,Dee Davis,2007,2,1,14,Draft,1611661316.0,Houston,Comets,HOU,,,1
600114,Eshaya Murphy,2007,2,2,15,Draft,1611661324.0,Minnesota,Lynx,MIN,,,0
201063,Shay Doron,2007,2,3,16,Draft,1611661313.0,New York,Liberty,NYL,,,1
201067,Camille Smith,2007,2,4,17,Draft,1611661319.0,San Antonio,Silver Stars,SAN,,,1
201068,Tyresa Smith,2007,2,5,18,Draft,1611661317.0,Phoenix,Mercury,PHO,,,1
201069,Megan Vogel,2007,2,6,19,Draft,1611661322.0,Washington,Mystics,WAS,,,1
201070,Stephanie Raymond,2007,2,7,20,Draft,1611661329.0,Chicago,Sky,CHI,,,1
201071,Jessica Dickson,2007,2,8,21,Draft,1611661318.0,Sacramento,Monarchs,SAC,,,1
201072,Lyndsey Medders,2007,2,9,22,Draft,1611661325.0,Indiana,Fever,IND,,,1
201084,Brooke Smith,2007,2,10,23,Draft,1611661324.0,Minnesota,Lynx,MIN,,,1
201085,Kathrin Ress,2007,2,11,24,Draft,1611661324.0,Minnesota,Lynx,MIN,,,1
201086,Sidney Spencer,2007,2,12,25,Draft,1611661320.0,Los Angeles,Sparks,LAS,,,1
201087,Cori Chambers,2007,2,13,26,Draft,1611661323.0,Connecticut,Sun,CON,,,1
201099,Jenna Rubino,2007,3,1,27,Draft,1611661329.0,Chicago,Sky,CHI,,,1
201103,Leah Rush,2007,3,2,28,Draft,1611661317.0,Phoenix,Mercury,PHO,,,1
201104,Martina Weber,2007,3,3,29,Draft,1611661313.0,New York,Liberty,NYL,,,1
201105,Nare Diawara,2007,3,4,30,Draft,1611661319.0,San Antonio,Silver Stars,SAN,,,1
201106,Chrissy Givens,2007,3,5,31,Draft,1611661317.0,Phoenix,Mercury,PHO,,,1
201107,Gillian Goring,2007,3,6,32,Draft,1611661322.0,Washington,Mystics,WAS,,,1
201108,Brandi Hoskins,2007,3,7,33,Draft,1611661328.0,Seattle,Storm,SEA,,,0
201109,Kristen Newlin,2007,3,8,34,Draft,1611661316.0,Houston,Comets,HOU,,,1
201110,Ashley Key,2007,3,9,35,Draft,1611661325.0,Indiana,Fever,IND,,,1
201111,Emily Westerberg,2007,3,11,37,Draft,1611661317.0,Phoenix,Mercury,PHO,,,0
201113,Kiera Hardy,2007,3,12,38,Draft,1611661323.0,Connecticut,Sun,CON,,,1
200671,Seimone Augustus,2006,1,1,1,Draft,1611661324.0,Minnesota,Lynx,MIN,,,1
200665,Cappie Pondexter,2006,1,2,2,Draft,1611661317.0,Phoenix,Mercury,PHO,,,1
200673,Monique Currie,2006,1,3,3,Draft,1611661314.0,Charlotte,Sting,CHA,,,1
200674,Sophia Young-Malcolm,2006,1,4,4,Draft,1611661319.0,San Antonio,Silver Stars,SAN,,,1
200675,Lisa Willis,2006,1,5,5,Draft,1611661320.0,Los Angeles,Sparks,LAS,,,1
200676,Candice Dupree,2006,1,6,6,Draft,1611661329.0,Chicago,Sky,CHI,,,1
200677,Shona Thorburn,2006,1,7,7,Draft,1611661324.0,Minnesota,Lynx,MIN,,,1
200678,Tamara James,2006,1,8,8,Draft,1611661322.0,Washington,Mystics,WAS,,,1
200679,La'Tangela Atkinson,2006,1,9,9,Draft,1611661325.0,Indiana,Fever,IND,,,1
200680,Tye'sha Fluker,2006,1,10,10,Draft,1611661314.0,Charlotte,Sting,CHA,,,1
200681,Barbara Turner,2006,1,11,11,Draft,1611661328.0,Seattle,Storm,SEA,,,1
200682,Sherill Baker,2006,1,12,12,Draft,1611661313.0,New York,Liberty,NYL,,,1
200683,Kim Smith,2006,1,13,13,Draft,1611661318.0,Sacramento,Monarchs,SAC,,,1
200684,Scholanda Dorrell,2006,1,14,14,Draft,1611661318.0,Sacramento,Monarchs,SAC,,,1
200685,Ann Strother,2006,2,1,15,Draft,1611661316.0,Houston,Comets,HOU,,,1
200686,Shanna Zolman,2006,2,2,16,Draft,1611661319.0,San Antonio,Silver Stars,SAN,,,1
200687,Ambrosia Anderson,2006,2,3,17,Draft,1611661321.0,Detroit,Shock,DET,,,1
200688,Liz Moeggenberg,2006,2,4,18,Draft,1611661317.0,Phoenix,Mercury,PHO,,,1
200689,Nikki Blue,2006,2,5,19,Draft,1611661322.0,Washington,Mystics,WAS,,,1
200690,Jennifer Harris,2006,2,6,20,Draft,1611661329.0,Chicago,Sky,CHI,,,1
200691,Mistie Bass,2006,2,7,21,Draft,1611661317.0,Phoenix,Mercury,PHO,,,1
200692,Willnett Crockett,2006,2,8,22,Draft,1611661320.0,Los Angeles,Sparks,LAS,,,1
200693,Brooke Queenan,2006,2,9,23,Draft,1611661313.0,New York,Liberty,NYL,,,1
200694,Ranae Camino,2006,2,10,24,Draft,1611661316.0,Houston,Comets,HOU,,,0
200695,Dalila Eshe,2006,2,11,25,Draft,1611661328.0,Seattle,Storm,SEA,,,1
200696,Kasha Terry,2006,2,12,26,Draft,1611661325.0,Indiana,Fever,IND,,,1
200697,LaToya Bond,2006,2,13,27,Draft,1611661314.0,Charlotte,Sting,CHA,,,1
200698,Debbie Merrill,2006,2,14,28,Draft,1611661323.0,Connecticut,Sun,CON,,,0
200699,Tiffany Stansbury,2006,3,1,29,Draft,1611661316.0,Houston,Comets,HOU,,,1
200700,Khara Smith,2006,3,2,30,Draft,1611661319.0,San Antonio,Silver Stars,SAN,,,1
200701,Megan Duffy,2006,3,3,31,Draft,1611661324.0,Minnesota,Lynx,MIN,,,1
200702,Crystal Smith,2006,3,4,32,Draft,1611661317.0,Phoenix,Mercury,PHO,,,1
200703,Miriam Sy,2006,3,5,33,Draft,1611661322.0,Washington,Mystics,WAS,,,0
200704,Kerri Gardin,2006,3,6,34,Draft,1611661329.0,Chicago,Sky,CHI,,,1
200705,Zane Tamane,2006,3,7,35,Draft,1611661321.0,Detroit,Shock,DET,,,1
200706,Tiffany Porter-Talbert,2006,3,8,36,Draft,1611661320.0,Los Angeles,Sparks,LAS,,,1
200707,Christelle N'Garsanet,2006,3,9,37,Draft,1611661313.0,New York,Liberty,NYL,,,1
200708,Jessica Foley,2006,3,10,38,Draft,1611661325.0,Indiana,Fever,IND,,,1
200709,Erin Grant,2006,3,11,39,Draft,1611661328.0,Seattle,Storm,SEA,,,1
200710,Marina Kuzina,2006,3,12,40,Draft,1611661325.0,Indiana,Fever,IND,,,0
200711,Lamisha Augustine,2006,3,13,41,Draft,1611661318.0,Sacramento,Monarchs,SAC,,,1
200712,Marita Payne,2006,3,14,42,Draft,1611661323.0,Connecticut,Sun,CON,,,1
101019,Janel McCarville,2005,1,1,1,Draft,1611661314.0,Charlotte,Sting,CHA,,,1
101020,Tan White,2005,1,2,2,Draft,1611661325.0,Indiana,Fever,IND,,,1
101021,Sandora Irvin,2005,1,3,3,Draft,1611661317.0,Phoenix,Mercury,PHO,,,1
101022,Kendra Wecker,2005,1,4,4,Draft,1611661319.0,San Antonio,Silver Stars,SAN,,,1
101023,Sancho Lyttle,2005,1,5,5,Draft,1611661316.0,Houston,Comets,HOU,,,1
101024,Temeka Johnson,2005,1,6,6,Draft,1611661322.0,Washington,Mystics,WAS,,,1
101025,Kara Braxton,2005,1,7,7,Draft,1611661321.0,Detroit,Shock,DET,,,1
101026,Katie Mattera,2005,1,8,8,Draft,1611661323.0,Connecticut,Sun,CON,,,1
101027,Kristin Haynie,2005,1,9,9,Draft,1611661318.0,Sacramento,Monarchs,SAC,,,1
101028,Loree Moore,2005,1,10,10,Draft,1611661313.0,New York,Liberty,NYL,,,1
101029,Kristen Mann,2005,1,11,11,Draft,1611661324.0,Minnesota,Lynx,MIN,,,1
101030,Tanisha Wright,2005,1,12,12,Draft,1611661328.0,Seattle,Storm,SEA,,,1
101031,Dionnah Jackson,2005,1,13,13,Draft,1611661321.0,Detroit,Shock,DET,,,1
202153,Shy Ely,2005,2,1,14,Draft,1611661319.0,San Antonio,Silver Stars,SAN,,,0
101033,Roneeka Hodges,2005,2,2,15,Draft,1611661316.0,Houston,Comets,HOU,,,1
101034,Yolanda Paige,2005,2,3,16,Draft,1611661325.0,Indiana,Fever,IND,,,1
101035,Jacqueline Batteast,2005,2,4,17,Draft,1611661324.0,Minnesota,Lynx,MIN,,,1
101036,Angelina Williams,2005,2,5,18,Draft,1611661317.0,Phoenix,Mercury,PHO,,,1
200463,Eric Taylor,2005,2,6,19,Draft,1611661322.0,Washington,Mystics,WAS,,,0
101038,Nikita Bell,2005,2,7,20,Draft,1611661321.0,Detroit,Shock,DET,,,1
101039,Erin Phillips,2005,2,8,21,Draft,1611661323.0,Connecticut,Sun,CON,,,1
101040,Chelsea Newton,2005,2,9,22,Draft,1611661318.0,Sacramento,Monarchs,SAC,,,1
101041,Tabitha Poole,2005,2,10,23,Draft,1611661313.0,New York,Liberty,NYL,,,1
101042,Jessica Moore,2005,2,11,24,Draft,1611661314.0,Charlotte,Sting,CHA,,,1
101047,Ashley Battle,2005,2,12,25,Draft,1611661328.0,Seattle,Storm,SEA,,,1
101048,Dee Dee Wheeler,2005,2,13,26,Draft,1611661320.0,Los Angeles,Sparks,LAS,,,1
101049,Cathrine Kraayeveld,2005,3,1,27,Draft,1611661319.0,San Antonio,Silver Stars,SAN,,,1
101050,Jenni Dant,2005,3,2,28,Draft,1611661316.0,Houston,Comets,HOU,,,0
101051,Ashley Early,2005,3,3,29,Draft,1611661325.0,Indiana,Fever,IND,,,0
101052,Anne O'Neil,2005,3,4,30,Draft,1611661318.0,Sacramento,Monarchs,SAC,,,1
101053,Jamie Carey,2005,3,5,31,Draft,1611661317.0,Phoenix,Mercury,PHO,,,1
101054,Tashia Morehead,2005,3,6,32,Draft,1611661322.0,Washington,Mystics,WAS,,,1
101055,Jenni Lingor,2005,3,7,33,Draft,1611661321.0,Detroit,Shock,DET,,,1
101056,Megan Mahoney,2005,3,8,34,Draft,1611661323.0,Connecticut,Sun,CON,,,1
101057,Cisti Greenwalt,2005,3,9,35,Draft,1611661318.0,Sacramento,Monarchs,SAC,,,1
101058,Rebecca Richman,2005,3,10,36,Draft,1611661313.0,New York,Liberty,NYL,,,1
101059,Monique Bivins,2005,3,11,37,Draft,1611661324.0,Minnesota,Lynx,MIN,,,0
101060,Steffanie Blackmon,2005,3,12,38,Draft,1611661328.0,Seattle,Storm,SEA,,,0
101061,Heather Schreiber,2005,3,13,39,Draft,1611661320.0,Los Angeles,Sparks,LAS,,,0
100940,Diana Taurasi,2004,1,1,1,Draft,1611661317.0,Phoenix,Mercury,PHO,Connecticut,College/University,1
100949,Alana Beard,2004,1,2,2,Draft,1611661322.0,Washington,Mystics,WAS,,,1
100919,Nicole Powell,2004,1,3,3,Draft,1611661314.0,Charlotte,Sting,CHA,,,1
100915,Lindsay Whalen,2004,1,4,4,Draft,1611661323.0,Connecticut,Sun,CON,,,1
100937,Shameka Christon,2004,1,5,5,Draft,1611661313.0,New York,Liberty,NYL,,,1
100932,Nicole Ohlde,2004,1,6,6,Draft,1611661324.0,Minnesota,Lynx,MIN,,,1
100933,Vanessa Hayden,2004,1,7,7,Draft,1611661324.0,Minnesota,Lynx,MIN,,,1
100941,Chandi Jones,2004,1,8,8,Draft,1611661317.0,Phoenix,Mercury,PHO,,,1
100928,Ebony Hoffman,2004,1,9,9,Draft,1611661325.0,Indiana,Fever,IND,,,1
100944,Rebekkah Brunson,2004,1,10,10,Draft,1611661318.0,Sacramento,Monarchs,SAC,,,1
100922,Iciss Tillis,2004,1,11,11,Draft,1611661321.0,Detroit,Shock,DET,,,1
100930,Christi Thomas,2004,1,12,12,Draft,1611661320.0,Los Angeles,Sparks,LAS,,,1
100923,Shereka Wright,2004,1,13,13,Draft,1611661321.0,Detroit,Shock,DET,,,1
100942,Ashley Robinson,2004,2,1,14,Draft,1611661317.0,Phoenix,Mercury,PHO,,,1
100950,Kaayla Chones,2004,2,2,15,Draft,1611661322.0,Washington,Mystics,WAS,,,1
100916,Jessica Brungo,2004,2,3,16,Draft,1611661323.0,Connecticut,Sun,CON,,,1
100938,Amisha Carter,2004,2,4,17,Draft,1611661313.0,New York,Liberty,NYL,,,1
100920,Kelly Mazzante,2004,2,5,18,Draft,1611661314.0,Charlotte,Sting,CHA,,,1
100948,Catrina Frierson,2004,2,6,19,Draft,1611661328.0,Seattle,Storm,SEA,,,1
100934,Tasha Butts,2004,2,7,20,Draft,1611661324.0,Minnesota,Lynx,MIN,,,1
100946,Cindy Dallas,2004,2,8,21,Draft,1611661319.0,San Antonio,Silver Stars,SAN,,,0
100921,Jenni Benningfield,2004,2,9,22,Draft,1611661314.0,Charlotte,Sting,CHA,,,1
100924,Erika Valek,2004,2,10,23,Draft,1611661321.0,Detroit,Shock,DET,,,1
100917,Ugo Oha,2004,2,11,24,Draft,1611661323.0,Connecticut,Sun,CON,,,1
101033,Roneeka Hodges,2004,2,12,25,Draft,1611661320.0,Los Angeles,Sparks,LAS,,,1
100926,Lindsay Taylor,2004,2,13,26,Draft,1611661316.0,Houston,Comets,HOU,,,1
100943,Maria Villarroel,2004,3,1,27,Draft,1611661317.0,Phoenix,Mercury,PHO,,,0
1627632,Evan Unrau,2004,3,2,28,Draft,1611661322.0,Washington,Mystics,WAS,,,0
100918,Candace Futrell,2004,3,3,29,Draft,1611661323.0,Connecticut,Sun,CON,,,1
100939,Cathy Joens,2004,3,4,30,Draft,1611661313.0,New York,Liberty,NYL,,,1
100929,Ieva Kublina,2004,3,5,31,Draft,1611661325.0,Indiana,Fever,IND,,,0
100925,Jennifer Smith,2004,3,6,32,Draft,1611661321.0,Detroit,Shock,DET,,,1
100935,Amber Jacobs,2004,3,7,33,Draft,1611661324.0,Minnesota,Lynx,MIN,,,1
100947,Toccara Williams,2004,3,8,34,Draft,1611661319.0,San Antonio,Silver Stars,SAN,,,1
100952,Jia Perkins,2004,3,9,35,Draft,1611661314.0,Charlotte,Sting,CHA,,,1
100945,Nuria Martinez,2004,3,10,36,Draft,1611661318.0,Sacramento,Monarchs,SAC,,,1
100927,Stacy Stephens,2004,3,11,37,Draft,1611661316.0,Houston,Comets,HOU,,,1
100936,Kate Bulger,2004,3,12,38,Draft,1611661324.0,Minnesota,Lynx,MIN,,,0
100883,LaToya Thomas,2003,1,1,1,Draft,1611661315.0,Cleveland,Rockers,CLE,,,1
100873,Chantelle Anderson,2003,1,2,2,Draft,1611661318.0,Sacramento,Monarchs,SAC,,,1
100843,Cheryl Ford,2003,1,3,3,Draft,1611661321.0,Detroit,Shock,DET,,,1
100888,Plenette Pierson,2003,1,4,4,Draft,1611661317.0,Phoenix,Mercury,PHO,,,1
100874,Kara Lawson,2003,1,5,5,Draft,1611661321.0,Detroit,Shock,DET,,,1
100867,Gwen Jackson,2003,1,6,6,Draft,1611661325.0,Indiana,Fever,IND,,,1
100860,Aiysha Smith,2003,1,7,7,Draft,1611661322.0,Washington,Mystics,WAS,,,1
100876,Sun Min Jung,2003,1,8,8,Draft,1611661328.0,Seattle,Storm,SEA,,,1
100852,Jocelyn Penn,2003,1,9,9,Draft,1611661314.0,Charlotte,Sting,CHA,,,1
100831,Molly Creamer,2003,1,10,10,Draft,1611661313.0,New York,Liberty,NYL,,,0
100848,Coretta Brown,2003,1,11,11,Draft,1611661319.0,San Antonio,Silver Stars,SAN,,,1
100842,Allison Curtin,2003,1,12,12,Draft,1611661316.0,Houston,Comets,HOU,,,0
100827,Courtney Coleman,2003,2,1,13,Draft,1611661323.0,Connecticut,Sun,CON,,,1
100838,Teresa Edwards,2003,2,2,14,Draft,1611661324.0,Minnesota,Lynx,MIN,,,1
100880,Jennifer Butler,2003,2,3,15,Draft,1611661315.0,Cleveland,Rockers,CLE,,,0
100856,Petra Ujhelyi,2003,2,4,16,Draft,1611661317.0,Phoenix,Mercury,PHO,,,1
100835,Erin Thorn,2003,2,5,17,Draft,1611661313.0,New York,Liberty,NYL,,,1
100836,Jordan Adams,2003,2,6,18,Draft,1611661324.0,Minnesota,Lynx,MIN,,,1
100863,Lori Nero,2003,2,7,19,Draft,1611661316.0,Houston,Comets,HOU,,,0
100849,DeTrina White,2003,2,8,20,Draft,1611661325.0,Indiana,Fever,IND,,,1
100861,Zuzana Zirkova,2003,2,9,21,Draft,1611661322.0,Washington,Mystics,WAS,,,1
100878,Suzy Batkovic-Brown,2003,2,10,22,Draft,1611661328.0,Seattle,Storm,SEA,,,1
100850,Dana Cherry,2003,2,11,23,Draft,1611661314.0,Charlotte,Sting,CHA,,,0
100833,Sonja Mallory,2003,2,12,24,Draft,1611661313.0,New York,Liberty,NYL,,,1
100868,Ke-Ke Tardy,2003,2,13,25,Draft,1611661319.0,San Antonio,Silver Stars,SAN,,,0
100834,K.B. Sharp,2003,2,14,26,Draft,1611661313.0,New York,Liberty,NYL,,,1
100871,Schuye LaRue,2003,2,15,27,Draft,1611661320.0,Los Angeles,Sparks,LAS,,,0
100841,Syreeta Bromfield,2003,3,1,28,Draft,1611661321.0,Detroit,Shock,DET,,,0
100837,Carla Bennett,2003,3,2,29,Draft,1611661324.0,Minnesota,Lynx,MIN,,,0
100885,Shaquala Williams,2003,3,3,30,Draft,1611661315.0,Cleveland,Rockers,CLE,,,1
100846,Telisha Quarles,2003,3,4,31,Draft,1611661317.0,Phoenix,Mercury,PHO,,,0
100858,Trish Juhline,2003,3,5,32,Draft,1611661322.0,Washington,Mystics,WAS,,,0
100887,Marion Jones,2003,3,6,33,Draft,1611661317.0,Phoenix,Mercury,PHO,,,1
100830,Lindsey Wilson,2003,3,7,34,Draft,1611661323.0,Connecticut,Sun,CON,,,1
100859,Tamara Bowie,2003,3,9,36,Draft,1611661322.0,Washington,Mystics,WAS,,,1
100982,Constance Jinks,2003,3,11,38,Draft,1611661316.0,Houston,Comets,HOU,,,1
100832,Nicole Kaczmarski,2003,3,12,39,Draft,1611661313.0,New York,Liberty,NYL,,,0
100865,Brooke Armistead,2003,3,13,40,Draft,1611661319.0,San Antonio,Silver Stars,SAN,,,0
100864,Oksana Rakhmatulina,2003,3,14,41,Draft,1611661316.0,Houston,Comets,HOU,,,0
100872,Mary Jo Noon,2003,3,15,42,Draft,1611661320.0,Los Angeles,Sparks,LAS,,,0
100720,Sue Bird,2002,1,1,1,Draft,1611661328.0,Seattle,Storm,SEA,Connecticut,College/University,1
100721,Swin Cash,2002,1,2,2,Draft,1611661321.0,Detroit,Shock,DET,,,1
100722,Stacey Dales,2002,1,3,3,Draft,1611661322.0,Washington,Mystics,WAS,,,1
100723,Asjha Jones,2002,1,4,4,Draft,1611661322.0,Washington,Mystics,WAS,,,1
100724,Nikki Teasley,2002,1,5,5,Draft,1611661327.0,Portland,Fire,POR,,,1
101079,Tamia Williams,2002,1,6,6,Draft,1611661324.0,Minnesota,Lynx,MIN,,,1
100726,Sheila Lambert,2002,1,7,7,Draft,1611661314.0,Charlotte,Sting,CHA,,,1
100727,Deanna Jackson,2002,1,8,8,Draft,1611661315.0,Cleveland,Rockers,CLE,,,1
100728,Shaunzinski Gortman,2002,1,9,9,Draft,1611661314.0,Charlotte,Sting,CHA,,,1
100729,Michelle Snow,2002,1,10,10,Draft,1611661316.0,Houston,Comets,HOU,,,1
100730,Danielle Crockrom,2002,1,11,11,Draft,1611661319.0,Utah,Starzz,UTA,,,1
100731,Hamchetou Maiga-Ba,2002,1,12,12,Draft,1611661318.0,Sacramento,Monarchs,SAC,,,1
100732,Tawana McDonald,2002,1,13,13,Draft,1611661325.0,Indiana,Fever,IND,,,0
100733,LaNeishea Caufield,2002,1,14,14,Draft,1611661319.0,Utah,Starzz,UTA,,,1
100734,Tamara Moore,2002,1,15,15,Draft,1611661326.0,Miami,Sol,MIA,,,1
100735,Rosalind Ross,2002,1,16,16,Draft,1611661320.0,Los Angeles,Sparks,LAS,,,0
100737,Zuzana Klimesova,2002,2,1,17,Draft,1611661325.0,Indiana,Fever,IND,,,1
100738,Lenae Williams,2002,2,2,18,Draft,1611661321.0,Detroit,Shock,DET,,,1
100739,Lucienne Berthieu,2002,2,3,19,Draft,1611661328.0,Seattle,Storm,SEA,,,1
100740,Ayana Walker,2002,2,4,20,Draft,1611661321.0,Detroit,Shock,DET,,,1
100741,Jill Chapman-Daily,2002,2,5,21,Draft,1611661321.0,Detroit,Shock,DET,,,1
100742,Kathy Wambe,2002,2,6,22,Draft,1611661321.0,Detroit,Shock,DET,,,0
100743,Davalyn Cunningham,2002,2,7,23,Draft,1611661323.0,Orlando,Miracle,ORL,,,1
100744,Brandi McCain,2002,2,8,24,Draft,1611661315.0,Cleveland,Rockers,CLE,,,1
100745,Tootie Shaw,2002,2,9,25,Draft,1611661317.0,Phoenix,Mercury,PHO,,,0
100746,Linda Frohlich,2002,2,10,26,Draft,1611661313.0,New York,Liberty,NYL,,,1
100747,Andrea Gardner,2002,2,11,27,Draft,1611661319.0,Utah,Starzz,UTA,,,1
100748,Felicia Ragland,2002,2,12,28,Draft,1611661328.0,Seattle,Storm,SEA,,,1
100749,Lindsey Yamasaki,2002,2,13,29,Draft,1611661326.0,Miami,Sol,MIA,,,1
100736,Gergana Slavtcheva,2002,2,14,30,Draft,1611661320.0,Los Angeles,Sparks,LAS,,,1
100750,Angie Welle,2002,2,15,31,Draft,1611661315.0,Cleveland,Rockers,CLE,,,0
100751,Jackie Higgins,2002,2,16,32,Draft,1611661320.0,Los Angeles,Sparks,LAS,,,0
100752,LaNisha Cartwell,2002,3,1,33,Draft,1611661322.0,Washington,Mystics,WAS,,,0
100753,Kelly Komara,2002,3,2,34,Draft,1611661325.0,Indiana,Fever,IND,,,0
100754,TaKeisha Lewis,2002,3,3,35,Draft,1611661328.0,Seattle,Storm,SEA,,,1
100755,Teresa Geter,2002,3,4,36,Draft,1611661322.0,Washington,Mystics,WAS,,,0
100756,Mandy Nightingale,2002,3,5,37,Draft,1611661327.0,Portland,Fire,POR,,,0
100757,Lindsey Meder,2002,3,6,38,Draft,1611661324.0,Minnesota,Lynx,MIN,,,0
100758,Saundra Jackson,2002,3,7,39,Draft,1611661323.0,Orlando,Miracle,ORL,,,0
100759,Kayte Christensen,2002,3,8,40,Draft,1611661317.0,Phoenix,Mercury,PHO,,,1
100760,Edniesha Curry,2002,3,9,41,Draft,1611661314.0,Charlotte,Sting,CHA,,,1
100761,Shondra Johnson,2002,3,10,42,Draft,1611661316.0,Houston,Comets,HOU,,,0
100762,Edmarie Lumbsley,2002,3,11,43,Draft,1611661319.0,Utah,Starzz,UTA,,,0
100763,Alayne Ingram,2002,3,12,44,Draft,1611661318.0,Sacramento,Monarchs,SAC,,,0
100764,Jerica Watson,2002,3,13,45,Draft,1611661326.0,Miami,Sol,MIA,,,0
100765,Tracy Gahan,2002,3,14,46,Draft,1611661313.0,New York,Liberty,NYL,,,1
100766,Ericka Haney,2002,3,15,47,Draft,1611661321.0,Detroit,Shock,DET,,,0
100767,Rashana Barnes,2002,3,16,48,Draft,1611661320.0,Los Angeles,Sparks,LAS,,,0
100768,LaKeisha Taylor,2002,4,1,49,Draft,1611661325.0,Indiana,Fever,IND,,,0
100769,Melody Johnson,2002,4,2,50,Draft,1611661327.0,Portland,Fire,POR,,,0
100770,Jermisha Dosty,2002,4,3,51,Draft,1611661318.0,Sacramento,Monarchs,SAC,,,0
100772,Jillian Danker,2002,4,4,52,Draft,1611661325.0,Indiana,Fever,IND,,,0
100773,Monique Cardenas,2002,4,5,53,Draft,1611661327.0,Portland,Fire,POR,,,0
100774,Sharron Francis,2002,4,6,54,Draft,1611661324.0,Minnesota,Lynx,MIN,,,0
100775,Tomeka Brown,2002,4,7,55,Draft,1611661323.0,Orlando,Miracle,ORL,,,0
100776,Amba Kongolo,2002,4,8,56,Draft,1611661317.0,Phoenix,Mercury,PHO,,,0
100777,Jessie Stomski,2002,4,9,57,Draft,1611661314.0,Charlotte,Sting,CHA,,,0
100778,Cori Enghusen,2002,4,10,58,Draft,1611661316.0,Houston,Comets,HOU,,,0
100779,Jacklyn Winfield,2002,4,11,59,Draft,1611661319.0,Utah,Starzz,UTA,,,0
100780,Elizabeth Pickney,2002,4,12,60,Draft,1611661318.0,Sacramento,Monarchs,SAC,,,0
100771,Jerkisha Dosty,2002,4,13,61,Draft,1611661326.0,Miami,Sol,MIA,,,0
100781,Dee Dee Warley,2002,4,14,62,Draft,1611661313.0,New York,Liberty,NYL,,,0
100782,Marche Strickland,2002,4,15,63,Draft,1611661315.0,Cleveland,Rockers,CLE,,,0
100783,Tiffany Thompson,2002,4,16,64,Draft,1611661320.0,Los Angeles,Sparks,LAS,,,0
100682,Lauren Jackson,2001,1,1,1,Draft,1611661328.0,Seattle,Storm,SEA,,,1
100627,Kelly Miller,2001,1,2,2,Draft,1611661314.0,Charlotte,Sting,CHA,,,1
100646,Tamika Catchings,2001,1,3,3,Draft,1611661325.0,Indiana,Fever,IND,,,1
100676,Jackie Stiles,2001,1,4,4,Draft,1611661327.0,Portland,Fire,POR,,,1
100656,Ruth Riley,2001,1,5,5,Draft,1611661326.0,Miami,Sol,MIA,,,1
100639,Deanna Nolan,2001,1,6,6,Draft,1611661321.0,Detroit,Shock,DET,,,1
100658,Svetlana Abrosimova,2001,1,7,7,Draft,1611661324.0,Minnesota,Lynx,MIN,,,1
100685,Marie Ferdinand-Harris,2001,1,8,8,Draft,1611661319.0,Utah,Starzz,UTA,,,1
100690,Coco Miller,2001,1,9,9,Draft,1611661322.0,Washington,Mystics,WAS,,,1
100666,Katie Douglas,2001,1,10,10,Draft,1611661323.0,Orlando,Miracle,ORL,,,1
100634,Penny Taylor,2001,1,11,11,Draft,1611661315.0,Cleveland,Rockers,CLE,,,1
100677,LaQuanda Quick,2001,1,12,12,Draft,1611661327.0,Portland,Fire,POR,,,1
100670,Kristen Veal,2001,1,13,13,Draft,1611661317.0,Phoenix,Mercury,PHO,,,1
100648,Kelly Schumacher,2001,1,14,14,Draft,1611661325.0,Indiana,Fever,IND,,,1
100642,Amanda Lassiter,2001,1,15,15,Draft,1611661316.0,Houston,Comets,HOU,,,1
100652,Camille Cooper,2001,1,16,16,Draft,1611661320.0,Los Angeles,Sparks,LAS,,,1
100683,Semeka Randall,2001,2,1,17,Draft,1611661328.0,Seattle,Storm,SEA,,,1
100628,Tammy Sutton-Brown,2001,2,2,18,Draft,1611661314.0,Charlotte,Sting,CHA,,,1
100650,Niele Ivey,2001,2,3,19,Draft,1611661325.0,Indiana,Fever,IND,,,1
100678,Jenny Mowe,2001,2,4,20,Draft,1611661327.0,Portland,Fire,POR,,,1
100707,Georgia Schweitzer,2001,2,5,21,Draft,1611661326.0,Miami,Sol,MIA,,,1
100626,Jae Kingi-Cross,2001,2,6,22,Draft,1611661321.0,Detroit,Shock,DET,,,1
100659,Erin Perperoglou,2001,2,7,23,Draft,1611661324.0,Minnesota,Lynx,MIN,,,1
100686,Michaela Pavlickova,2001,2,8,24,Draft,1611661319.0,Utah,Starzz,UTA,,,1
100691,Tamara Stocks,2001,2,9,25,Draft,1611661322.0,Washington,Mystics,WAS,,,1
100667,Brooke Wyckoff,2001,2,10,26,Draft,1611661323.0,Orlando,Miracle,ORL,,,1
100635,Jaynetta Saunders,2001,2,11,27,Draft,1611661315.0,Cleveland,Rockers,CLE,,,1
100660,Janell Burse,2001,2,12,28,Draft,1611661324.0,Minnesota,Lynx,MIN,,,1
100671,Ilona Korstine,2001,2,13,29,Draft,1611661317.0,Phoenix,Mercury,PHO,,,1
100680,Jackie Moore,2001,2,14,30,Draft,1611661318.0,Sacramento,Monarchs,SAC,,,1
100643,Tynesha Lewis,2001,2,15,31,Draft,1611661316.0,Houston,Comets,HOU,,,1
100653,Nicole Levandusky,2001,2,16,32,Draft,1611661320.0,Los Angeles,Sparks,LAS,,,1
100649,Marlena Williams,2001,3,3,35,Draft,1611661325.0,Indiana,Fever,IND,,,0
100679,Rasheeda Clark,2001,3,4,36,Draft,1611661327.0,Portland,Fire,POR,,,0
100657,Levys Torres,2001,3,5,37,Draft,1611661326.0,Miami,Sol,MIA,,,1
100638,Svetlana Volnaya,2001,3,6,38,Draft,1611661321.0,Detroit,Shock,DET,,,1
100633,Tombi Bell,2001,3,7,39,Draft,1611661324.0,Minnesota,Lynx,MIN,,,0
100687,Shea Ralph,2001,3,8,40,Draft,1611661319.0,Utah,Starzz,UTA,,,0
100692,Jamie Lewis,2001,3,9,41,Draft,1611661322.0,Washington,Mystics,WAS,,,0
100668,Jaclyn Johnson,2001,3,10,42,Draft,1611661323.0,Orlando,Miracle,ORL,,,1
100636,Angelina Wolvert,2001,3,11,43,Draft,1611661315.0,Cleveland,Rockers,CLE,,,1
100693,Elena Karpova,2001,3,12,44,Draft,1611661322.0,Washington,Mystics,WAS,,,0
100673,Tere Williams,2001,3,13,45,Draft,1611661317.0,Phoenix,Mercury,PHO,,,0
100681,Maren Walseth,2001,3,14,46,Draft,1611661318.0,Sacramento,Monarchs,SAC,,,1
100813,Shala Crawford,2001,3,15,47,Draft,1611661316.0,Houston,Comets,HOU,,,0
100654,Kelley Siemon,2001,3,16,48,Draft,1611661320.0,Los Angeles,Sparks,LAS,,,0
100684,Juana Brown,2001,4,1,49,Draft,1611661328.0,Seattle,Storm,SEA,,,0
100629,Reshea Bristol,2001,4,2,50,Draft,1611661314.0,Charlotte,Sting,CHA,,,1
100647,April Brown,2001,4,3,51,Draft,1611661325.0,Indiana,Fever,IND,,,0
100959,Natasha Pointer,2001,4,4,52,Draft,1611661327.0,Portland,Fire,POR,,,0
100674,Carolyn Moos,2001,4,5,53,Draft,1611661317.0,Phoenix,Mercury,PHO,,,1
100640,Kelly Santos,2001,4,6,54,Draft,1611661321.0,Detroit,Shock,DET,,,1
100661,Megan Taylor,2001,4,7,55,Draft,1611661324.0,Minnesota,Lynx,MIN,,,0
100688,Cara Consuegra,2001,4,8,56,Draft,1611661319.0,Utah,Starzz,UTA,,,1
100884,Taru Tuukkanen,2001,4,9,57,Draft,1611661313.0,New York,Liberty,NYL,,,0
100669,Anne Thorius,2001,4,10,58,Draft,1611661323.0,Orlando,Miracle,ORL,,,0
100637,Erin Batth,2001,4,11,59,Draft,1611661315.0,Cleveland,Rockers,CLE,,,1
100662,Tara Mitchem,2001,4,12,60,Draft,1611661313.0,New York,Liberty,NYL,,,0
201892,Megan Frazee,2001,4,13,61,Draft,1611661317.0,Phoenix,Mercury,PHO,,,1
100644,Kristen Clement,2001,4,15,63,Draft,1611661316.0,Houston,Comets,HOU,,,0
100809,Beth Record,2001,4,16,64,Draft,1611661320.0,Los Angeles,Sparks,LAS,,,0
100445,Ann Wauters,2000,1,1,1,Draft,1611661315.0,Cleveland,Rockers,CLE,,,1
100555,Tausha Mills,2000,1,2,2,Draft,1611661322.0,Washington,Mystics,WAS,,,1
100492,Edwina Brown,2000,1,3,3,Draft,1611661321.0,Detroit,Shock,DET,,,1
100514,Cintia dos Santos,2000,1,4,4,Draft,1611661323.0,Orlando,Miracle,ORL,,,1
100482,Grace Daley,2000,1,5,5,Draft,1611661324.0,Minnesota,Lynx,MIN,,,1
100484,Betty Lennox,2000,1,6,6,Draft,1611661324.0,Minnesota,Lynx,MIN,,,1
100530,Lynn Pride,2000,1,7,7,Draft,1611661327.0,Portland,Fire,POR,,,1
100496,Tamicha Jackson,2000,1,8,8,Draft,1611661321.0,Detroit,Shock,DET,,,1
100544,Kamila Vodichkova,2000,1,9,9,Draft,1611661328.0,Seattle,Storm,SEA,,,1
100485,Maylana Martin,2000,1,10,10,Draft,1611661324.0,Minnesota,Lynx,MIN,,,1
100446,Summer Erb,2000,1,11,11,Draft,1611661314.0,Charlotte,Sting,CHA,,,1
100551,Naomi Mulitauaopele,2000,1,12,12,Draft,1611661319.0,Utah,Starzz,UTA,,,1
100510,Olga Firsova,2000,1,13,13,Draft,1611661313.0,New York,Liberty,NYL,,,1
100536,Katy Steding,2000,1,14,14,Draft,1611661318.0,Sacramento,Monarchs,SAC,,,1
100477,Nicole Kubik,2000,1,15,15,Draft,1611661320.0,Los Angeles,Sparks,LAS,,,1
100500,Elena Shakirova,2000,1,16,16,Draft,1611661316.0,Houston,Comets,HOU,,,1
100457,Helen Darling,2000,2,1,17,Draft,1611661315.0,Cleveland,Rockers,CLE,,,1
83038,Tony Washington,2000,2,2,18,Draft,1611661322.0,Washington,Mystics,WAS,,,0
100558,Jameka Jones,2000,2,3,19,Draft,1611661326.0,Miami,Sol,MIA,,,1
100519,Jannon Roland,2000,2,4,20,Draft,1611661323.0,Orlando,Miracle,ORL,,,1
100526,Adrian Williams-Strong,2000,2,5,21,Draft,1611661317.0,Phoenix,Mercury,PHO,,,1
100481,Marla Brumfield,2000,2,6,22,Draft,1611661324.0,Minnesota,Lynx,MIN,,,1
100532,Stacey Thomas,2000,2,7,23,Draft,1611661327.0,Portland,Fire,POR,,,1
100483,Keitha Dickerson,2000,2,8,24,Draft,1611661324.0,Minnesota,Lynx,MIN,,,1
100542,Charisse Sampson,2000,2,9,25,Draft,1611661328.0,Seattle,Storm,SEA,,,1
101006,Jurgita Streimikyte,2000,2,10,26,Draft,1611661325.0,Indiana,Fever,IND,,,1
100447,Tiffany Travis,2000,2,11,27,Draft,1611661314.0,Charlotte,Sting,CHA,,,1
100497,Madinah Slaise,2000,2,12,28,Draft,1611661321.0,Detroit,Shock,DET,,,1
100511,Desiree Francis,2000,2,13,29,Draft,1611661313.0,New York,Liberty,NYL,,,1
100534,Stacy Clinesmith,2000,2,14,30,Draft,1611661318.0,Sacramento,Monarchs,SAC,,,1
100479,Paige Sauer,2000,2,15,31,Draft,1611661320.0,Los Angeles,Sparks,LAS,,,1
100503,Andrea Garner,2000,2,16,32,Draft,1611661316.0,Houston,Comets,HOU,,,1
100461,Monique Morehouse,2000,3,1,33,Draft,1611661315.0,Cleveland,Rockers,CLE,,,0
100450,Jill Morton,2000,3,2,34,Draft,1611661314.0,Charlotte,Sting,CHA,,,0
100547,Stacy Frese,2000,3,3,35,Draft,1611661319.0,Utah,Starzz,UTA,,,1
100520,Shawnetta Stewart,2000,3,4,36,Draft,1611661323.0,Orlando,Miracle,ORL,,,0
100523,Tauja Catchings,2000,3,5,37,Draft,1611661317.0,Phoenix,Mercury,PHO,,,0
100491,Phylesha Whaley,2000,3,6,38,Draft,1611661324.0,Minnesota,Lynx,MIN,,,0
100531,Maxann Reese,2000,3,7,39,Draft,1611661327.0,Portland,Fire,POR,,,0
100559,Milena Flores,2000,3,8,40,Draft,1611661326.0,Miami,Sol,MIA,,,1
100539,Kirra Jordan,2000,3,9,41,Draft,1611661328.0,Seattle,Storm,SEA,,,0
100468,Usha Gilmore,2000,3,10,42,Draft,1611661325.0,Indiana,Fever,IND,,,1
100448,Peppi Browne,2000,3,11,43,Draft,1611661314.0,Charlotte,Sting,CHA,,,0
100495,Chavonne Hammond,2000,3,12,44,Draft,1611661321.0,Detroit,Shock,DET,,,0
100508,Jessica Bibby,2000,3,13,45,Draft,1611661313.0,New York,Liberty,NYL,,,1
100535,Rhonda Banchero,2000,3,14,46,Draft,1611661318.0,Sacramento,Monarchs,SAC,,,1
100474,Marte Alexander,2000,3,15,47,Draft,1611661320.0,Los Angeles,Sparks,LAS,,,0
100465,Latavia Coleman,2000,3,16,48,Draft,1611661316.0,Houston,Comets,HOU,,,0
100462,Sophie Von Saldern,2000,4,1,49,Draft,1611661315.0,Cleveland,Rockers,CLE,,,0
100501,Latina Davis,2000,4,2,50,Draft,1611661325.0,Indiana,Fever,IND,,,0
100552,Kristen Rasmussen,2000,4,3,51,Draft,1611661319.0,Utah,Starzz,UTA,,,1
100517,Romana Hamzova,2000,4,4,52,Draft,1611661323.0,Orlando,Miracle,ORL,,,1
100560,Shantia Owens,2000,4,5,53,Draft,1611661317.0,Phoenix,Mercury,PHO,,,1
100805,Rhonda L. Smith,2000,4,7,55,Draft,1611661327.0,Portland,Fire,POR,,,0
100490,Shanele Stires,2000,4,8,56,Draft,1611661324.0,Minnesota,Lynx,MIN,,,1
100538,Katrina Hibbert,2000,4,9,57,Draft,1611661328.0,Seattle,Storm,SEA,,,1
100506,Renee Robinson,2000,4,10,58,Draft,1611661325.0,Indiana,Fever,IND,,,1
100449,Shaka Massey,2000,4,11,59,Draft,1611661314.0,Charlotte,Sting,CHA,,,0
100499,Cal Bouchard,2000,4,12,60,Draft,1611661321.0,Detroit,Shock,DET,,,0
100513,Natalie Porter,2000,4,13,61,Draft,1611661313.0,New York,Liberty,NYL,,,0
100537,Jess Zinobile,2000,4,14,62,Draft,1611661318.0,Sacramento,Monarchs,SAC,,,0
100478,Nicky McCrimmon,2000,4,15,63,Draft,1611661320.0,Los Angeles,Sparks,LAS,,,1
100507,Abbie Willenborg,2000,4,16,64,Draft,1611661316.0,Houston,Comets,HOU,,,0
100356,Chamique Holdsclaw,1999,1,1,1,Draft,1611661322.0,Washington,Mystics,WAS,,,1
100419,Yolanda Griffith,1999,1,2,2,Draft,1611661318.0,Sacramento,Monarchs,SAC,,,1
100366,Natalie Williams,1999,1,3,3,Draft,1611661319.0,Utah,Starzz,UTA,,,1
100396,DeLisha Milton-Jones,1999,1,4,4,Draft,1611661320.0,Los Angeles,Sparks,LAS,,,1
100382,Jennifer Azzi,1999,1,5,5,Draft,1611661321.0,Detroit,Shock,DET,,,1
100345,Crystal Robinson,1999,1,6,6,Draft,1611661313.0,New York,Liberty,NYL,,,1
100398,Tonya Edwards,1999,1,7,7,Draft,1611661324.0,Minnesota,Lynx,MIN,,,1
100413,Tari Phillips,1999,1,8,8,Draft,1611661323.0,Orlando,Miracle,ORL,,,1
100372,Dawn Staley,1999,1,9,9,Draft,1611661314.0,Charlotte,Sting,CHA,,,1
100375,Edna Campbell,1999,1,10,10,Draft,1611661317.0,Phoenix,Mercury,PHO,,,1
100433,Chasity Melvin,1999,1,11,11,Draft,1611661315.0,Cleveland,Rockers,CLE,,,1
100341,Natalia Zasoulskaya,1999,1,12,12,Draft,1611661316.0,Houston,Comets,HOU,,,0
100350,Shalonda Enis,1999,2,1,13,Draft,1611661322.0,Washington,Mystics,WAS,,,1
100421,Kedra Holland-Corn,1999,2,2,14,Draft,1611661318.0,Sacramento,Monarchs,SAC,,,1
100359,Debbie Black,1999,2,3,15,Draft,1611661319.0,Utah,Starzz,UTA,,,1
100395,Clarisse Machanguana,1999,2,4,16,Draft,1611661320.0,Los Angeles,Sparks,LAS,,,1
100389,Val Whiting,1999,2,5,17,Draft,1611661321.0,Detroit,Shock,DET,,,1
100346,Michele Van Gorp,1999,2,6,18,Draft,1611661313.0,New York,Liberty,NYL,,,1
100399,Trisha Fallon,1999,2,7,19,Draft,1611661324.0,Minnesota,Lynx,MIN,,,1
100416,Sheri Sam,1999,2,8,20,Draft,1611661323.0,Orlando,Miracle,ORL,,,1
100370,Stephanie White,1999,2,9,21,Draft,1611661314.0,Charlotte,Sting,CHA,,,1
100377,Clarissa Davis-Wrightsil,1999,2,10,22,Draft,1611661317.0,Phoenix,Mercury,PHO,,,1
100428,Mery Andrade,1999,2,11,23,Draft,1611661315.0,Cleveland,Rockers,CLE,,,1
100336,Sonja Henning,1999,2,12,24,Draft,1611661316.0,Houston,Comets,HOU,,,1
100353,Andrea Nagy,1999,3,1,25,Draft,1611661322.0,Washington,Mystics,WAS,,,1
100422,Kate Starbird,1999,3,2,26,Draft,1611661318.0,Sacramento,Monarchs,SAC,,,1
100363,Adrienne Goodson,1999,3,3,27,Draft,1611661319.0,Utah,Starzz,UTA,,,1
100392,Ukari Figgs,1999,3,4,28,Draft,1611661320.0,Los Angeles,Sparks,LAS,,,1
100384,Dominique Canty,1999,3,5,29,Draft,1611661321.0,Detroit,Shock,DET,,,1
100347,Tamika Whitmore,1999,3,6,30,Draft,1611661313.0,New York,Liberty,NYL,,,1
100402,Andrea Lloyd-Curry,1999,3,7,31,Draft,1611661324.0,Minnesota,Lynx,MIN,,,1
100412,Taj McWilliams-Franklin,1999,3,8,32,Draft,1611661323.0,Orlando,Miracle,ORL,,,1
100371,Charlotte Smith,1999,3,9,33,Draft,1611661314.0,Charlotte,Sting,CHA,,,1
100378,Lisa Harrison,1999,3,10,34,Draft,1611661317.0,Phoenix,Mercury,PHO,,,1
100430,Tracy Henderson,1999,3,11,35,Draft,1611661315.0,Cleveland,Rockers,CLE,,,1
100340,Kara Wolters,1999,3,12,36,Draft,1611661316.0,Houston,Comets,HOU,,,1
100355,Jennifer Whittle,1999,4,1,37,Draft,1611661322.0,Washington,Mystics,WAS,,,1
100549,Amy Herrig,1999,4,2,38,Draft,1611661318.0,Sacramento,Monarchs,SAC,,,1
100364,Dalma Ivanyi,1999,4,3,39,Draft,1611661319.0,Utah,Starzz,UTA,,,1
100393,La'Keshia Frett,1999,4,4,40,Draft,1611661320.0,Los Angeles,Sparks,LAS,,,1
100387,Astou Ndiaye-Diatta,1999,4,5,41,Draft,1611661321.0,Detroit,Shock,DET,,,1
100344,Carolyn Young,1999,4,6,42,Draft,1611661313.0,New York,Liberty,NYL,,,1
100406,Sonja Tate,1999,4,7,43,Draft,1611661324.0,Minnesota,Lynx,MIN,,,1
100411,Carla McGhee,1999,4,8,44,Draft,1611661323.0,Orlando,Miracle,ORL,,,1
100368,Angie Braziel,1999,4,9,45,Draft,1611661314.0,Charlotte,Sting,CHA,,,1
100380,Amanda Wilson,1999,4,10,46,Draft,1611661317.0,Phoenix,Mercury,PHO,,,1
100432,Kellie Jolly Harper,1999,4,11,47,Draft,1611661315.0,Cleveland,Rockers,CLE,,,1
100338,Jennifer Rizzotti,1999,4,12,48,Draft,1611661316.0,Houston,Comets,HOU,,,1
100403,Angie Potthoff,1999,4,13,49,Draft,1611661324.0,Minnesota,Lynx,MIN,,,1
100414,Elaine Powell,1999,4,14,50,Draft,1611661323.0,Orlando,Miracle,ORL,,,1
100239,Margo Dydek,1998,1,1,1,Draft,1611661319.0,Utah,Starzz,UTA,,,1
100234,Ticha Penicheiro,1998,1,2,2,Draft,1611661318.0,Sacramento,Monarchs,SAC,,,1
100199,Murriel Page,1998,1,3,3,Draft,1611661322.0,Washington,Mystics,WAS,,,1
100250,Korie Hlede,1998,1,4,4,Draft,1611661321.0,Detroit,Shock,DET,,,1
100170,Allison Feaster,1998,1,5,5,Draft,1611661320.0,Los Angeles,Sparks,LAS,,,1
100183,Cindy Blodgett,1998,1,6,6,Draft,1611661315.0,Cleveland,Rockers,CLE,,,1
100182,Tracy Reid,1998,1,7,7,Draft,1611661314.0,Charlotte,Sting,CHA,,,1
100227,Maria Stepanova,1998,1,8,8,Draft,1611661317.0,Phoenix,Mercury,PHO,,,1
100216,Alicia Thompson,1998,1,9,9,Draft,1611661313.0,New York,Liberty,NYL,,,1
100210,Polina Tzekova,1998,1,10,10,Draft,1611661316.0,Houston,Comets,HOU,,,1
100243,Olympia Scott,1998,2,1,11,Draft,1611661319.0,Utah,Starzz,UTA,,,1
100236,Tangela Smith,1998,2,2,12,Draft,1611661318.0,Sacramento,Monarchs,SAC,,,1
100204,Rita Williams,1998,2,3,13,Draft,1611661322.0,Washington,Mystics,WAS,,,1
100255,Rachael Sporn,1998,2,4,14,Draft,1611661321.0,Detroit,Shock,DET,,,1
100169,Octavia Blue,1998,2,5,15,Draft,1611661320.0,Los Angeles,Sparks,LAS,,,1
100187,Suzie McConnell Serio,1998,2,6,16,Draft,1611661315.0,Cleveland,Rockers,CLE,,,1
100181,Christy Smith,1998,2,7,17,Draft,1611661314.0,Charlotte,Sting,CHA,,,1
100224,Andrea Kuklova,1998,2,8,18,Draft,1611661317.0,Phoenix,Mercury,PHO,,,1
100214,Nadine Domond,1998,2,9,19,Draft,1611661313.0,New York,Liberty,NYL,,,1
100208,Nyree Roberts,1998,2,10,20,Draft,1611661316.0,Houston,Comets,HOU,,,1
100242,LaTonya Johnson,1998,3,1,21,Draft,1611661319.0,Utah,Starzz,UTA,,,1
100230,Quacy Barnes,1998,3,2,22,Draft,1611661318.0,Sacramento,Monarchs,SAC,,,1
100270,Angela Hamblin,1998,3,3,23,Draft,1611661322.0,Washington,Mystics,WAS,,,1
100246,Gergana Branzova,1998,3,4,24,Draft,1611661321.0,Detroit,Shock,DET,,,1
100175,Rehema Stephens,1998,3,5,25,Draft,1611661320.0,Los Angeles,Sparks,LAS,,,1
100186,Tanja Kostic,1998,3,6,26,Draft,1611661315.0,Cleveland,Rockers,CLE,,,1
100180,Pollyanna Johns Kimbrough,1998,3,7,27,Draft,1611661314.0,Charlotte,Sting,CHA,,,1
100225,Brandy Reed,1998,3,8,28,Draft,1611661317.0,Phoenix,Mercury,PHO,,,1
100212,Albena Branzova,1998,3,9,29,Draft,1611661313.0,New York,Liberty,NYL,,,1
100211,Amaya Valdemoro,1998,3,10,30,Draft,1611661316.0,Houston,Comets,HOU,,,1
100237,Tricia Bader Binford,1998,4,1,31,Draft,1611661319.0,Utah,Starzz,UTA,,,1
100231,Adia Barnes,1998,4,2,32,Draft,1611661318.0,Sacramento,Monarchs,SAC,,,1
100197,Angela Jackson,1998,4,3,33,Draft,1611661322.0,Washington,Mystics,WAS,,,1
100247,Sandy Brondello,1998,4,4,34,Draft,1611661321.0,Detroit,Shock,DET,,,1
100172,Erica Kienast,1998,4,5,35,Draft,1611661320.0,Los Angeles,Sparks,LAS,,,0
100178,Sonia Chase,1998,4,7,37,Draft,1611661314.0,Charlotte,Sting,CHA,,,1
100229,Karen Wilkins,1998,4,8,38,Draft,1611661317.0,Phoenix,Mercury,PHO,,,0
100215,Vanessa Nygaard,1998,4,9,39,Draft,1611661313.0,New York,Liberty,NYL,,,1
100207,Monica Lamb,1998,4,10,40,Draft,1611661316.0,Houston,Comets,HOU,,,1
100045,Dena Head,1997,1,1,1,Elite,1611661319.0,Utah,Starzz,UTA,,,1
100076,Tina Thompson,1997,1,1,1,Draft,1611661316.0,Houston,Comets,HOU,,,1
100020,Pam McGee,1997,1,2,2,Draft,1611661318.0,Sacramento,Monarchs,SAC,,,1
100089,Isabelle Fijalkowski,1997,1,2,2,Elite,1611661315.0,Cleveland,Rockers,CLE,,,1
100007,Jamila Wideman,1997,1,3,3,Draft,1611661320.0,Los Angeles,Sparks,LAS,,,1
100060,Rhonda Mapp,1997,1,3,3,Elite,1611661314.0,Charlotte,Sting,CHA,,,1
100091,Eva Nemcova,1997,1,4,4,Draft,1611661315.0,Cleveland,Rockers,CLE,,,1
100102,Kym Hampton,1997,1,4,4,Elite,1611661313.0,New York,Liberty,NYL,,,1
100047,Tammi Reiss,1997,1,5,5,Draft,1611661319.0,Utah,Starzz,UTA,,,1
100074,Wanda Guyton,1997,1,5,5,Elite,1611661316.0,Houston,Comets,HOU,,,1
100018,Judy Mosley-McAfee,1997,1,6,6,Elite,1611661318.0,Sacramento,Monarchs,SAC,,,1
100104,Sue Wicks,1997,1,6,6,Draft,1611661313.0,New York,Liberty,NYL,,,1
100031,Bridget Pettis,1997,1,7,7,Elite,1611661317.0,Phoenix,Mercury,PHO,,,1
100062,Tora Suber,1997,1,7,7,Draft,1611661314.0,Charlotte,Sting,CHA,,,1
100005,Daedra Charles,1997,1,8,8,Elite,1611661320.0,Los Angeles,Sparks,LAS,,,1
100033,Toni Foster,1997,1,8,8,Draft,1611661317.0,Phoenix,Mercury,PHO,,,1
100034,Tia Jackson,1997,2,1,9,Draft,1611661317.0,Phoenix,Mercury,PHO,,,1
100046,Wendy Palmer,1997,2,1,9,Elite,1611661319.0,Utah,Starzz,UTA,,,1
100063,Sharon Manning,1997,2,2,10,Draft,1611661314.0,Charlotte,Sting,CHA,,,1
100090,Lynette Woodard,1997,2,2,10,Elite,1611661315.0,Cleveland,Rockers,CLE,,,1
100061,Michi Atkins,1997,2,3,11,Elite,1611661314.0,Charlotte,Sting,CHA,,,0
100105,Sophia Witherspoon,1997,2,3,11,Draft,1611661313.0,New York,Liberty,NYL,,,1
100048,Jessie Hicks,1997,2,4,12,Draft,1611661319.0,Utah,Starzz,UTA,,,1
100103,Vickie Johnson,1997,2,4,12,Elite,1611661313.0,New York,Liberty,NYL,,,1
100075,Janeth Arcain,1997,2,5,13,Elite,1611661316.0,Houston,Comets,HOU,,,1
100092,Merlakia Jones,1997,2,5,13,Draft,1611661315.0,Cleveland,Rockers,CLE,,,1
100008,Tamecka Dixon,1997,2,6,14,Draft,1611661320.0,Los Angeles,Sparks,LAS,,,1
100019,Mikiko Hagiwara,1997,2,6,14,Elite,1611661318.0,Sacramento,Monarchs,SAC,,,1
100021,Denique Graves,1997,2,7,15,Draft,1611661318.0,Sacramento,Monarchs,SAC,,,1
100259,Nancy Lieberman-Cline,1997,2,7,15,Elite,1611661317.0,Phoenix,Mercury,PHO,,,0
100006,Haixia Zheng,1997,2,8,16,Elite,1611661320.0,Los Angeles,Sparks,LAS,,,1
100077,Tammy Jackson,1997,2,8,16,Draft,1611661316.0,Houston,Comets,HOU,,,1
100078,Racquel Spurlock,1997,3,1,17,Draft,1611661316.0,Houston,Comets,HOU,,,0
100022,Chantel Tremitiere,1997,3,2,18,Draft,1611661318.0,Sacramento,Monarchs,SAC,,,1
100009,Katrina Colleton,1997,3,3,19,Draft,1611661320.0,Los Angeles,Sparks,LAS,,,1
100093,Tina Nicholson,1997,3,4,20,Draft,1611661315.0,Cleveland,Rockers,CLE,,,1
100049,Raegan Scott,1997,3,5,21,Draft,1611661319.0,Utah,Starzz,UTA,,,1
100106,Trena Trice-Hill,1997,3,6,22,Draft,1611661313.0,New York,Liberty,NYL,,,1
100064,Debra Williams,1997,3,7,23,Draft,1611661314.0,Charlotte,Sting,CHA,,,1
100035,Umeki Webb,1997,3,8,24,Draft,1611661317.0,Phoenix,Mercury,PHO,,,1
100036,Monique Ambers,1997,4,1,25,Draft,1611661317.0,Phoenix,Mercury,PHO,,,1
100065,Andrea Congreaves,1997,4,2,26,Draft,1611661314.0,Charlotte,Sting,CHA,,,1
100107,Kisha Ford,1997,4,3,27,Draft,1611661313.0,New York,Liberty,NYL,,,1
100050,Kim Williams,1997,4,4,28,Draft,1611661319.0,Utah,Starzz,UTA,,,1
100094,Anita Maxwell,1997,4,5,29,Draft,1611661315.0,Cleveland,Rockers,CLE,,,1
100010,Travesa Gant,1997,4,6,30,Draft,1611661320.0,Los Angeles,Sparks,LAS,,,1
100023,Tajama Abraham,1997,4,7,31,Draft,1611661318.0,Sacramento,Monarchs,SAC,,,1
100079,Catarina Pollini,1997,4,8,32,Draft,1611661316.0,Houston,Comets,HOU,,,1
100002,Rebecca Lobo,1997,0,0,0,Allocation,1611661313.0,New York,Liberty,NYL,Kingsland,High School,1
100003,Lisa Leslie,1997,0,0,0,Allocation,1611661320.0,Los Angeles,Sparks,LAS,Providence School,High School,1
100004,Penny Toler,1997,0,0,0,Allocation,1611661320.0,Los Angeles,Sparks,LAS,East Aurora,High School,1
100016,Ruthie Bolton,1997,0,0,0,Allocation,1611661318.0,Sacramento,Monarchs,SAC,Friedrich-Magnus-Schwerd-Gymnasium,High School,1
100017,Bridgette Gordon,1997,0,0,0,Allocation,1611661318.0,Sacramento,Monarchs,SAC,Monteverde Academy,High School,1
100029,Michele Timms,1997,0,0,0,Allocation,1611661317.0,Phoenix,Mercury,PHO,,,1
100030,Jennifer Gillom,1997,0,0,0,Allocation,1611661317.0,Phoenix,Mercury,PHO,San Clemente,High School,1
100043,Elena Baranova,1997,0,0,0,Allocation,1611661319.0,Utah,Starzz,UTA,,,1
100044,Lady Grooms,1997,0,0,0,Allocation,1611661319.0,Utah,Starzz,UTA,John Kennedy,High School,1
100058,Vicky Bullett,1997,0,0,0,Allocation,1611661314.0,Charlotte,Sting,CHA,Santa Margarita,High School,1
100059,Andrea Stinson,1997,0,0,0,Allocation,1611661314.0,Charlotte,Sting,CHA,Watsonville Union,High School,1
100072,Sheryl Swoopes,1997,0,0,0,Allocation,1611661316.0,Houston,Comets,HOU,North Shore,High School,1
100073,Cynthia Cooper,1997,0,0,0,Allocation,1611661316.0,Houston,Comets,HOU,Providence School,High School,1
100087,Janice Braxton,1997,0,0,0,Allocation,1611661315.0,Cleveland,Rockers,CLE,Knight,High School,1
100088,Michelle Edwards,1997,0,0,0,Allocation,1611661315.0,Cleveland,Rockers,CLE,Crenshaw,High School,1
100101,Teresa Weatherspoon,1997,0,0,0,Allocation,1611661313.0,New York,Liberty,NYL,Knight,High School,1
