GAME_ID,EVENTNUM,EVENTMSGTYPE,EVENTMSGACTIONTYPE,PERIOD,WCTIMESTRING,PCTIMESTRING,HOMEDESCRIPTION,NEUTRALDESCRIPTION,VISITORDESCRIPTION,SCORE,SCOREMARGIN,PERSON1TYPE,PLAYER1_ID,PLAYER1_NAME,PLAYER1_TEAM_ID,PLAYER1_TEAM_CITY,PLAYER1_TEAM_NICKNAME,PLAYER1_TEAM_ABBREVIATION,PERSON2TYPE,PLAYER2_ID,PLAYER2_NAME,PLAYER2_TEAM_ID,PLAYER2_TEAM_CITY,PLAYER2_TEAM_NICKNAME,PLAYER2_TEAM_ABBREVIATION,PERSON3TYPE,PLAYER3_ID,PLAYER3_NAME,PLAYER3_TEAM_ID,PLAYER3_TEAM_CITY,PLAYER3_TEAM_NICKNAME,PLAYER3_TEAM_ABBREVIATION,VIDEO_AVAILABLE_FLAG
1022200057,2,12,0,1,7:05 PM,10:00,,Start of 1st Period (7:05 PM EST),,,,0,0,,,,,,0,0,,,,,,0,0,,,,,,0
1022200057,4,10,0,1,7:05 PM,10:00,Jump Ball Dolson vs. Egbo: Tip to Allen,,,,,4,203828,Stefanie Dolson,1611661313.0,New York,Liberty,NYL,5,1631031,Queen Egbo,1611661325.0,Indiana,Fever,IND,4,204296,Rebecca Allen,1611661313.0,New York,Liberty,NYL,1
1022200057,7,2,1,1,7:06 PM,9:36,MISS Allen 24' 3PT Jump Shot,,,,,4,204296,Rebecca Allen,1611661313.0,New York,Liberty,NYL,0,0,,,,,,0,0,,,,,,1
1022200057,9,1,72,1,7:06 PM,9:30,Dolson 1' Putback Layup (2 PTS),,,0 - 2,2,4,203828,Stefanie Dolson,1611661313.0,New York,Liberty,NYL,0,0,,,,,,0,0,,,,,,1
1022200057,8,4,0,1,7:06 PM,9:30,Dolson REBOUND (Off:1 Def:0),,,,,4,203828,Stefanie Dolson,1611661313.0,New York,Liberty,NYL,0,0,,,,,,0,0,,,,,,1
1022200057,10,2,6,1,7:06 PM,9:12,Allen BLOCK (1 BLK),,MISS K. Mitchell 5' Driving Layup,,,5,1628909,Kelsey Mitchell,1611661325.0,Indiana,Fever,IND,0,0,,,,,,4,204296,Rebecca Allen,1611661313.0,New York,Liberty,NYL,1
1022200057,12,4,0,1,7:06 PM,9:11,,,Fever Rebound,,,3,1611661325,,,,,,0,0,,,,,,0,0,,,,,,0
1022200057,14,2,1,1,7:06 PM,9:08,Ionescu BLOCK (1 BLK),,MISS Vivians 25' 3PT Jump Shot,,,5,1628927,Victoria Vivians,1611661325.0,Indiana,Fever,IND,0,0,,,,,,4,1629477,Sabrina Ionescu,1611661313.0,New York,Liberty,NYL,1
1022200057,16,4,0,1,7:06 PM,9:04,Howard REBOUND (Off:0 Def:1),,,,,4,203827,Natasha Howard,1611661313.0,New York,Liberty,NYL,0,0,,,,,,0,0,,,,,,1
1022200057,17,1,57,1,7:06 PM,8:56,Howard 9' Driving Hook Shot (2 PTS),,,0 - 4,4,4,203827,Natasha Howard,1611661313.0,New York,Liberty,NYL,0,0,,,,,,0,0,,,,,,1
1022200057,18,2,1,1,7:07 PM,8:39,,,MISS K. Mitchell 3PT Jump Shot,,,5,1628909,Kelsey Mitchell,1611661325.0,Indiana,Fever,IND,0,0,,,,,,0,0,,,,,,1
1022200057,19,4,0,1,7:07 PM,8:34,Ionescu REBOUND (Off:0 Def:1),,,,,4,1629477,Sabrina Ionescu,1611661313.0,New York,Liberty,NYL,0,0,,,,,,0,0,,,,,,1
1022200057,20,1,41,1,7:07 PM,8:30,Dolson 2' Running Layup (4 PTS) (Allen 1 AST),,,0 - 6,6,4,203828,Stefanie Dolson,1611661313.0,New York,Liberty,NYL,4,204296,Rebecca Allen,1611661313.0,New York,Liberty,NYL,0,0,,,,,,1
1022200057,22,9,2,1,7:07 PM,8:30,,,Fever Timeout: Short (Reg.0 Short 1),,,3,1611661325,,,,,,0,0,,,,,,0,0,,,,,,0
1022200057,23,2,102,1,7:08 PM,8:08,,,MISS Vivians 10' Driving Floating Bank Jump Shot,,,5,1628927,Victoria Vivians,1611661325.0,Indiana,Fever,IND,0,0,,,,,,0,0,,,,,,1
1022200057,24,4,0,1,7:08 PM,8:05,Howard REBOUND (Off:0 Def:2),,,,,4,203827,Natasha Howard,1611661313.0,New York,Liberty,NYL,0,0,,,,,,0,0,,,,,,1
1022200057,25,7,5,1,7:08 PM,7:57,,,Smith Violation:Kicked Ball,,,5,1631019,NaLyssa Smith,1611661325.0,Indiana,Fever,IND,0,0,,,,,,1,0,,,,,,0
1022200057,26,1,6,1,7:09 PM,7:50,Ionescu 2' Driving Layup (2 PTS) (Dolson 1 AST),,,0 - 8,8,4,1629477,Sabrina Ionescu,1611661313.0,New York,Liberty,NYL,4,203828,Stefanie Dolson,1611661313.0,New York,Liberty,NYL,0,0,,,,,,1
1022200057,28,2,73,1,7:09 PM,7:39,,,MISS Robinson 2' Driving Reverse Layup,,,5,202658,Danielle Robinson,1611661325.0,Indiana,Fever,IND,0,0,,,,,,0,0,,,,,,1
1022200057,29,4,0,1,7:09 PM,7:36,,,Egbo REBOUND (Off:1 Def:0),,,5,1631031,Queen Egbo,1611661325.0,Indiana,Fever,IND,0,0,,,,,,0,0,,,,,,1
1022200057,30,2,72,1,7:09 PM,7:36,,,MISS Egbo 4' Putback Layup,,,5,1631031,Queen Egbo,1611661325.0,Indiana,Fever,IND,0,0,,,,,,0,0,,,,,,1
1022200057,31,4,0,1,7:09 PM,7:34,Howard REBOUND (Off:0 Def:3),,,,,4,203827,Natasha Howard,1611661313.0,New York,Liberty,NYL,0,0,,,,,,0,0,,,,,,1
1022200057,32,2,2,1,7:09 PM,7:30,MISS Ionescu 25' 3PT Running Jump Shot,,,,,4,1629477,Sabrina Ionescu,1611661313.0,New York,Liberty,NYL,0,0,,,,,,0,0,,,,,,1
1022200057,33,4,0,1,7:09 PM,7:27,,,Vivians REBOUND (Off:0 Def:1),,,5,1628927,Victoria Vivians,1611661325.0,Indiana,Fever,IND,0,0,,,,,,0,0,,,,,,1
1022200057,34,2,41,1,7:09 PM,7:22,Howard BLOCK (1 BLK),,MISS K. Mitchell 2' Running Layup,,,5,1628909,Kelsey Mitchell,1611661325.0,Indiana,Fever,IND,0,0,,,,,,4,203827,Natasha Howard,1611661313.0,New York,Liberty,NYL,1
1022200057,36,4,0,1,7:09 PM,7:22,,,Fever Rebound,,,3,1611661325,,,,,,0,0,,,,,,0,0,,,,,,0
1022200057,38,2,1,1,7:10 PM,7:10,,,MISS Vivians 28' 3PT Jump Shot,,,5,1628927,Victoria Vivians,1611661325.0,Indiana,Fever,IND,0,0,,,,,,0,0,,,,,,1
1022200057,39,4,0,1,7:10 PM,7:08,LIBERTY Rebound,,,,,2,1611661313,,,,,,0,0,,,,,,0,0,,,,,,0
1022200057,41,5,1,1,7:10 PM,6:53,Howard Bad Pass Turnover (P1.T1),,Smith STEAL (1 STL),,,4,203827,Natasha Howard,1611661313.0,New York,Liberty,NYL,5,1631019,NaLyssa Smith,1611661325.0,Indiana,Fever,IND,0,0,,,,,,1
1022200057,43,6,1,1,7:10 PM,6:47,Dolson P.FOUL (P1.T1),,,,,4,203828,Stefanie Dolson,1611661313.0,New York,Liberty,NYL,5,1631031,Queen Egbo,1611661325.0,Indiana,Fever,IND,1,0,,,,,,1
1022200057,45,8,0,1,7:11 PM,6:47,,,SUB: Engstler FOR Smith,,,5,1631019,NaLyssa Smith,1611661325.0,Indiana,Fever,IND,5,1631083,Emily Engstler,1611661325.0,Indiana,Fever,IND,0,0,,,,,,0
1022200057,47,2,79,1,7:11 PM,6:41,,,MISS Robinson 15' Pullup Jump Shot,,,5,202658,Danielle Robinson,1611661325.0,Indiana,Fever,IND,0,0,,,,,,0,0,,,,,,1
1022200057,48,4,0,1,7:11 PM,6:39,Allen REBOUND (Off:0 Def:1),,,,,4,204296,Rebecca Allen,1611661313.0,New York,Liberty,NYL,0,0,,,,,,0,0,,,,,,1
1022200057,49,1,2,1,7:11 PM,6:33,Dolson 26' 3PT Running Jump Shot (7 PTS) (Allen 2 AST),,,0 - 11,11,4,203828,Stefanie Dolson,1611661313.0,New York,Liberty,NYL,4,204296,Rebecca Allen,1611661313.0,New York,Liberty,NYL,0,0,,,,,,1
1022200057,51,5,45,1,7:11 PM,6:17,,,Robinson Out of Bounds - Bad Pass Turnover Turnover (P1.T1),,,5,202658,Danielle Robinson,1611661325.0,Indiana,Fever,IND,0,0,,,,,,1,0,,,,,,1
1022200057,52,5,2,1,7:12 PM,6:11,Ionescu Lost Ball Turnover (P1.T2),,K. Mitchell STEAL (1 STL),,,4,1629477,Sabrina Ionescu,1611661313.0,New York,Liberty,NYL,5,1628909,Kelsey Mitchell,1611661325.0,Indiana,Fever,IND,0,0,,,,,,1
1022200057,54,6,2,1,7:12 PM,6:10,Ionescu S.FOUL (P1.T2),,,,,4,1629477,Sabrina Ionescu,1611661313.0,New York,Liberty,NYL,5,1628909,Kelsey Mitchell,1611661325.0,Indiana,Fever,IND,1,0,,,,,,1
1022200057,56,3,11,1,7:12 PM,6:10,,,K. Mitchell Free Throw 1 of 2 (1 PTS),1 - 11,10,5,1628909,Kelsey Mitchell,1611661325.0,Indiana,Fever,IND,0,0,,,,,,0,0,,,,,,0
1022200057,57,8,0,1,7:12 PM,6:10,,,SUB: Hartley FOR Vivians,,,5,1628927,Victoria Vivians,1611661325.0,Indiana,Fever,IND,5,203829,Bria Hartley,1611661325.0,Indiana,Fever,IND,0,0,,,,,,0
1022200057,59,3,12,1,7:12 PM,6:10,,,K. Mitchell Free Throw 2 of 2 (2 PTS),2 - 11,9,5,1628909,Kelsey Mitchell,1611661325.0,Indiana,Fever,IND,0,0,,,,,,0,0,,,,,,0
1022200057,60,2,79,1,7:13 PM,5:56,MISS Dangerfield 24' 3PT Pullup Jump Shot,,,,,4,1630101,Crystal Dangerfield,1611661313.0,New York,Liberty,NYL,0,0,,,,,,0,0,,,,,,1
1022200057,61,4,0,1,7:13 PM,5:52,Ionescu REBOUND (Off:1 Def:1),,,,,4,1629477,Sabrina Ionescu,1611661313.0,New York,Liberty,NYL,0,0,,,,,,0,0,,,,,,1
1022200057,62,1,72,1,7:13 PM,5:52,Ionescu 1' Putback Layup (4 PTS),,,2 - 13,11,4,1629477,Sabrina Ionescu,1611661313.0,New York,Liberty,NYL,0,0,,,,,,0,0,,,,,,1
1022200057,63,2,98,1,7:13 PM,5:40,,,MISS Egbo 4' Cutting Layup Shot,,,5,1631031,Queen Egbo,1611661325.0,Indiana,Fever,IND,0,0,,,,,,0,0,,,,,,1
1022200057,64,4,0,1,7:13 PM,5:39,Dangerfield REBOUND (Off:0 Def:1),,,,,4,1630101,Crystal Dangerfield,1611661313.0,New York,Liberty,NYL,0,0,,,,,,0,0,,,,,,1
1022200057,65,6,1,1,7:13 PM,5:36,,,Engstler P.FOUL (P1.T1),,,5,1631083,Emily Engstler,1611661325.0,Indiana,Fever,IND,4,203827,Natasha Howard,1611661313.0,New York,Liberty,NYL,1,0,,,,,,1
1022200057,67,8,0,1,7:13 PM,5:36,,,SUB: Smith FOR Egbo,,,5,1631031,Queen Egbo,1611661325.0,Indiana,Fever,IND,5,1631019,NaLyssa Smith,1611661325.0,Indiana,Fever,IND,0,0,,,,,,0
1022200057,69,1,6,1,7:14 PM,5:23,Allen 3' Driving Layup (2 PTS) (Ionescu 1 AST),,,2 - 15,13,4,204296,Rebecca Allen,1611661313.0,New York,Liberty,NYL,4,1629477,Sabrina Ionescu,1611661313.0,New York,Liberty,NYL,0,0,,,,,,1
1022200057,71,1,1,1,7:14 PM,5:13,,,Hartley 3PT Jump Shot (3 PTS) (Robinson 1 AST),5 - 15,10,5,203829,Bria Hartley,1611661325.0,Indiana,Fever,IND,5,202658,Danielle Robinson,1611661325.0,Indiana,Fever,IND,0,0,,,,,,1
1022200057,73,5,45,1,7:14 PM,5:08,Ionescu Out of Bounds - Bad Pass Turnover Turnover (P2.T3),,,,,4,1629477,Sabrina Ionescu,1611661313.0,New York,Liberty,NYL,0,0,,,,,,1,0,,,,,,1
1022200057,74,2,1,1,7:14 PM,4:56,,,MISS Engstler 3PT Jump Shot,,,5,1631083,Emily Engstler,1611661325.0,Indiana,Fever,IND,0,0,,,,,,0,0,,,,,,1
1022200057,75,4,0,1,7:14 PM,4:52,,,Hartley REBOUND (Off:1 Def:0),,,5,203829,Bria Hartley,1611661325.0,Indiana,Fever,IND,0,0,,,,,,0,0,,,,,,1
1022200057,76,2,1,1,7:14 PM,4:45,,,MISS K. Mitchell 3PT Jump Shot,,,5,1628909,Kelsey Mitchell,1611661325.0,Indiana,Fever,IND,0,0,,,,,,0,0,,,,,,1
1022200057,77,4,0,1,7:15 PM,4:41,,,Engstler REBOUND (Off:1 Def:0),,,5,1631083,Emily Engstler,1611661325.0,Indiana,Fever,IND,0,0,,,,,,0,0,,,,,,1
1022200057,78,2,57,1,7:15 PM,4:36,,,MISS Engstler 2' Driving Hook Shot,,,5,1631083,Emily Engstler,1611661325.0,Indiana,Fever,IND,0,0,,,,,,0,0,,,,,,1
1022200057,79,4,0,1,7:15 PM,4:34,Ionescu REBOUND (Off:1 Def:2),,,,,4,1629477,Sabrina Ionescu,1611661313.0,New York,Liberty,NYL,0,0,,,,,,0,0,,,,,,1
1022200057,80,2,6,1,7:15 PM,4:23,MISS Dolson 4' Driving Layup,,,,,4,203828,Stefanie Dolson,1611661313.0,New York,Liberty,NYL,0,0,,,,,,0,0,,,,,,1
1022200057,81,4,0,1,7:15 PM,4:21,,,Smith REBOUND (Off:0 Def:1),,,5,1631019,NaLyssa Smith,1611661325.0,Indiana,Fever,IND,0,0,,,,,,0,0,,,,,,1
1022200057,82,2,103,1,7:15 PM,4:17,,,MISS Smith 18' Running Pull-Up Jump Shot,,,5,1631019,NaLyssa Smith,1611661325.0,Indiana,Fever,IND,0,0,,,,,,0,0,,,,,,1
1022200057,83,4,0,1,7:15 PM,4:13,Howard REBOUND (Off:0 Def:4),,,,,4,203827,Natasha Howard,1611661313.0,New York,Liberty,NYL,0,0,,,,,,0,0,,,,,,1
1022200057,84,1,5,1,7:15 PM,4:03,Howard 2' Layup (4 PTS) (Dolson 2 AST),,,5 - 17,12,4,203827,Natasha Howard,1611661313.0,New York,Liberty,NYL,4,203828,Stefanie Dolson,1611661313.0,New York,Liberty,NYL,0,0,,,,,,1
1022200057,86,1,6,1,7:16 PM,3:39,,,Hartley 6' Driving Layup (5 PTS) (Smith 1 AST),7 - 17,10,5,203829,Bria Hartley,1611661325.0,Indiana,Fever,IND,5,1631019,NaLyssa Smith,1611661325.0,Indiana,Fever,IND,0,0,,,,,,1
1022200057,89,9,4,1,7:16 PM,3:23,,Timeout: Official,,,,1,0,,,,,,0,0,,,,,,0,0,,,,,,0
1022200057,90,8,0,1,7:16 PM,3:23,SUB: Onyenwere FOR Howard,,,,,4,203827,Natasha Howard,1611661313.0,New York,Liberty,NYL,4,1630446,Michaela Onyenwere,1611661313.0,New York,Liberty,NYL,0,0,,,,,,0
1022200057,91,8,0,1,7:16 PM,3:23,SUB: Whitcomb FOR Ionescu,,,,,4,1629477,Sabrina Ionescu,1611661313.0,New York,Liberty,NYL,4,1628244,Sami Whitcomb,1611661313.0,New York,Liberty,NYL,0,0,,,,,,0
1022200057,92,8,0,1,7:16 PM,3:23,SUB: Xu FOR Dolson,,,,,4,203828,Stefanie Dolson,1611661313.0,New York,Liberty,NYL,4,1629566,Han Xu,1611661313.0,New York,Liberty,NYL,0,0,,,,,,0
1022200057,93,8,0,1,7:16 PM,3:23,,,SUB: Henderson FOR Robinson,,,5,202658,Danielle Robinson,1611661325.0,Indiana,Fever,IND,5,1631089,Destanni Henderson,1611661325.0,Indiana,Fever,IND,0,0,,,,,,0
1022200057,98,2,3,1,7:19 PM,3:17,MISS Xu 4' Hook Shot,,Engstler BLOCK (1 BLK),,,4,1629566,Han Xu,1611661313.0,New York,Liberty,NYL,0,0,,,,,,5,1631083,Emily Engstler,1611661325.0,Indiana,Fever,IND,1
1022200057,100,4,0,1,7:19 PM,3:14,,,Engstler REBOUND (Off:1 Def:1),,,5,1631083,Emily Engstler,1611661325.0,Indiana,Fever,IND,0,0,,,,,,0,0,,,,,,1
1022200057,101,2,73,1,7:19 PM,3:03,Xu BLOCK (1 BLK),,MISS Engstler 5' Driving Reverse Layup,,,5,1631083,Emily Engstler,1611661325.0,Indiana,Fever,IND,0,0,,,,,,4,1629566,Han Xu,1611661313.0,New York,Liberty,NYL,1
1022200057,103,4,0,1,7:19 PM,3:02,Xu REBOUND (Off:0 Def:1),,,,,4,1629566,Han Xu,1611661313.0,New York,Liberty,NYL,0,0,,,,,,0,0,,,,,,1
1022200057,104,2,1,1,7:19 PM,2:50,MISS Whitcomb 28' 3PT Jump Shot,,,,,4,1628244,Sami Whitcomb,1611661313.0,New York,Liberty,NYL,0,0,,,,,,0,0,,,,,,1
1022200057,105,4,0,1,7:20 PM,2:46,,,Hartley REBOUND (Off:1 Def:1),,,5,203829,Bria Hartley,1611661325.0,Indiana,Fever,IND,0,0,,,,,,0,0,,,,,,1
1022200057,106,2,1,1,7:20 PM,2:38,,,MISS K. Mitchell 27' 3PT Jump Shot,,,5,1628909,Kelsey Mitchell,1611661325.0,Indiana,Fever,IND,0,0,,,,,,0,0,,,,,,1
1022200057,107,4,0,1,7:20 PM,2:36,,,Smith REBOUND (Off:1 Def:1),,,5,1631019,NaLyssa Smith,1611661325.0,Indiana,Fever,IND,0,0,,,,,,0,0,,,,,,1
1022200057,108,6,1,1,7:20 PM,2:34,Dangerfield P.FOUL (P1.T3),,,,,4,1630101,Crystal Dangerfield,1611661313.0,New York,Liberty,NYL,5,1628909,Kelsey Mitchell,1611661325.0,Indiana,Fever,IND,1,0,,,,,,1
1022200057,110,8,0,1,7:20 PM,2:34,,,SUB: T. Mitchell FOR K. Mitchell,,,5,1628909,Kelsey Mitchell,1611661325.0,Indiana,Fever,IND,5,1627676,Tiffany Mitchell,1611661325.0,Indiana,Fever,IND,0,0,,,,,,0
1022200057,114,8,0,1,7:20 PM,2:34,,,SUB: Vivians FOR Hartley,,,5,203829,Bria Hartley,1611661325.0,Indiana,Fever,IND,5,1628927,Victoria Vivians,1611661325.0,Indiana,Fever,IND,0,0,,,,,,0
1022200057,116,5,1,1,7:20 PM,2:22,Onyenwere STEAL (1 STL),,Henderson Bad Pass Turnover (P1.T2),,,5,1631089,Destanni Henderson,1611661325.0,Indiana,Fever,IND,4,1630446,Michaela Onyenwere,1611661313.0,New York,Liberty,NYL,0,0,,,,,,1
1022200057,118,2,1,1,7:21 PM,2:15,MISS Onyenwere 25' 3PT Jump Shot,,,,,4,1630446,Michaela Onyenwere,1611661313.0,New York,Liberty,NYL,0,0,,,,,,0,0,,,,,,1
1022200057,119,4,0,1,7:21 PM,2:12,Xu REBOUND (Off:1 Def:1),,,,,4,1629566,Han Xu,1611661313.0,New York,Liberty,NYL,0,0,,,,,,0,0,,,,,,1
1022200057,120,1,72,1,7:21 PM,2:11,Xu 2' Putback Layup (2 PTS),,,7 - 19,12,4,1629566,Han Xu,1611661313.0,New York,Liberty,NYL,0,0,,,,,,0,0,,,,,,1
1022200057,121,6,2,1,7:21 PM,2:11,,,Engstler S.FOUL (P2.T2),,,5,1631083,Emily Engstler,1611661325.0,Indiana,Fever,IND,4,1629566,Han Xu,1611661313.0,New York,Liberty,NYL,1,0,,,,,,1
1022200057,123,8,0,1,7:21 PM,2:11,SUB: Durr FOR Dangerfield,,,,,4,1630101,Crystal Dangerfield,1611661313.0,New York,Liberty,NYL,4,1629476,Asia (AD) Durr,1611661313.0,New York,Liberty,NYL,0,0,,,,,,0
1022200057,124,8,0,1,7:21 PM,2:11,,,SUB: Robinson FOR Henderson,,,5,1631089,Destanni Henderson,1611661325.0,Indiana,Fever,IND,5,202658,Danielle Robinson,1611661325.0,Indiana,Fever,IND,0,0,,,,,,0
1022200057,127,3,10,1,7:21 PM,2:11,MISS Xu Free Throw 1 of 1,,,,,4,1629566,Han Xu,1611661313.0,New York,Liberty,NYL,0,0,,,,,,0,0,,,,,,0
1022200057,128,4,0,1,7:21 PM,2:08,,,Smith REBOUND (Off:1 Def:2),,,5,1631019,NaLyssa Smith,1611661325.0,Indiana,Fever,IND,0,0,,,,,,0,0,,,,,,0
1022200057,129,2,1,1,7:21 PM,1:56,,,MISS Smith 24' 3PT Jump Shot,,,5,1631019,NaLyssa Smith,1611661325.0,Indiana,Fever,IND,0,0,,,,,,0,0,,,,,,1
1022200057,130,4,0,1,7:22 PM,1:52,Allen REBOUND (Off:0 Def:2),,,,,4,204296,Rebecca Allen,1611661313.0,New York,Liberty,NYL,0,0,,,,,,0,0,,,,,,1
1022200057,131,1,2,1,7:22 PM,1:47,Durr 3PT Running Jump Shot (3 PTS) (Whitcomb 1 AST),,,7 - 22,15,4,1629476,Asia (AD) Durr,1611661313.0,New York,Liberty,NYL,4,1628244,Sami Whitcomb,1611661313.0,New York,Liberty,NYL,0,0,,,,,,1
1022200057,133,2,58,1,7:22 PM,1:28,,,MISS Smith 4' Turnaround Hook Shot,,,5,1631019,NaLyssa Smith,1611661325.0,Indiana,Fever,IND,0,0,,,,,,0,0,,,,,,1
1022200057,134,4,0,1,7:22 PM,1:26,Xu REBOUND (Off:1 Def:2),,,,,4,1629566,Han Xu,1611661313.0,New York,Liberty,NYL,0,0,,,,,,0,0,,,,,,1
1022200057,135,2,47,1,7:22 PM,1:16,MISS Xu 3' Turnaround Jump Shot,,,,,4,1629566,Han Xu,1611661313.0,New York,Liberty,NYL,0,0,,,,,,0,0,,,,,,1
1022200057,136,4,0,1,7:22 PM,1:14,,,Robinson REBOUND (Off:0 Def:1),,,5,202658,Danielle Robinson,1611661325.0,Indiana,Fever,IND,0,0,,,,,,0,0,,,,,,1
1022200057,137,6,2,1,7:22 PM,1:12,Onyenwere S.FOUL (P1.T4),,,,,4,1630446,Michaela Onyenwere,1611661313.0,New York,Liberty,NYL,5,1628927,Victoria Vivians,1611661325.0,Indiana,Fever,IND,1,0,,,,,,1
1022200057,139,3,11,1,7:23 PM,1:12,,,Vivians Free Throw 1 of 2 (1 PTS),8 - 22,14,5,1628927,Victoria Vivians,1611661325.0,Indiana,Fever,IND,0,0,,,,,,0,0,,,,,,0
1022200057,140,8,0,1,7:23 PM,1:12,SUB: Ionescu FOR Allen,,,,,4,204296,Rebecca Allen,1611661313.0,New York,Liberty,NYL,4,1629477,Sabrina Ionescu,1611661313.0,New York,Liberty,NYL,0,0,,,,,,0
1022200057,141,8,0,1,7:23 PM,1:12,,,SUB: Egbo FOR Engstler,,,5,1631083,Emily Engstler,1611661325.0,Indiana,Fever,IND,5,1631031,Queen Egbo,1611661325.0,Indiana,Fever,IND,0,0,,,,,,0
1022200057,144,3,12,1,7:23 PM,1:12,,,Vivians Free Throw 2 of 2 (2 PTS),9 - 22,13,5,1628927,Victoria Vivians,1611661325.0,Indiana,Fever,IND,0,0,,,,,,0,0,,,,,,0
1022200057,145,2,98,1,7:23 PM,0:50,MISS Durr 3' Cutting Layup Shot,,,,,4,1629476,Asia (AD) Durr,1611661313.0,New York,Liberty,NYL,0,0,,,,,,0,0,,,,,,1
1022200057,146,4,0,1,7:23 PM,0:48,,,T. Mitchell REBOUND (Off:0 Def:1),,,5,1627676,Tiffany Mitchell,1611661325.0,Indiana,Fever,IND,0,0,,,,,,0,0,,,,,,1
1022200057,147,1,41,1,7:23 PM,0:43,,,T. Mitchell 2' Running Layup (2 PTS),11 - 22,11,5,1627676,Tiffany Mitchell,1611661325.0,Indiana,Fever,IND,0,0,,,,,,0,0,,,,,,1
1022200057,148,6,2,1,7:24 PM,0:34,,,Smith S.FOUL (P1.T3),,,5,1631019,NaLyssa Smith,1611661325.0,Indiana,Fever,IND,4,1630446,Michaela Onyenwere,1611661313.0,New York,Liberty,NYL,1,0,,,,,,1
1022200057,150,3,11,1,7:24 PM,0:34,Onyenwere Free Throw 1 of 2 (1 PTS),,,11 - 23,12,4,1630446,Michaela Onyenwere,1611661313.0,New York,Liberty,NYL,0,0,,,,,,0,0,,,,,,0
1022200057,151,3,12,1,7:24 PM,0:34,MISS Onyenwere Free Throw 2 of 2,,,,,4,1630446,Michaela Onyenwere,1611661313.0,New York,Liberty,NYL,0,0,,,,,,0,0,,,,,,0
1022200057,152,4,0,1,7:24 PM,0:32,,,Smith REBOUND (Off:1 Def:3),,,5,1631019,NaLyssa Smith,1611661325.0,Indiana,Fever,IND,0,0,,,,,,0,0,,,,,,1
1022200057,153,5,2,1,7:25 PM,0:18,Onyenwere STEAL (2 STL),,Smith Lost Ball Turnover (P1.T3),,,5,1631019,NaLyssa Smith,1611661325.0,Indiana,Fever,IND,4,1630446,Michaela Onyenwere,1611661313.0,New York,Liberty,NYL,0,0,,,,,,1
1022200057,155,5,40,1,7:25 PM,0:17,Onyenwere Out of Bounds Lost Ball Turnover (P1.T4),,,,,4,1630446,Michaela Onyenwere,1611661313.0,New York,Liberty,NYL,0,0,,,,,,1,0,,,,,,1
1022200057,157,1,1,1,7:25 PM,0:05,,,Vivians 24' 3PT Jump Shot (5 PTS) (Robinson 2 AST),14 - 23,9,5,1628927,Victoria Vivians,1611661325.0,Indiana,Fever,IND,5,202658,Danielle Robinson,1611661325.0,Indiana,Fever,IND,0,0,,,,,,1
1022200057,159,2,79,1,7:25 PM,0:00,MISS Ionescu 43' 3PT Pullup Jump Shot,,,,,4,1629477,Sabrina Ionescu,1611661313.0,New York,Liberty,NYL,0,0,,,,,,0,0,,,,,,1
1022200057,160,4,0,1,7:25 PM,0:00,LIBERTY Rebound,,,,,2,1611661313,,,,,,0,0,,,,,,0,0,,,,,,0
1022200057,161,13,0,1,7:26 PM,0:00,,End of 1st Period (7:26 PM EST),,14 - 23,9,0,0,,,,,,0,0,,,,,,0,0,,,,,,1
1022200057,166,12,0,2,7:29 PM,10:00,,Start of 2nd Period (7:29 PM EST),,14 - 23,9,0,0,,,,,,0,0,,,,,,0,0,,,,,,0
1022200057,167,1,58,2,7:29 PM,9:47,,,Vivians 8' Turnaround Hook Shot (7 PTS) (Smith 2 AST),16 - 23,7,5,1628927,Victoria Vivians,1611661325.0,Indiana,Fever,IND,5,1631019,NaLyssa Smith,1611661325.0,Indiana,Fever,IND,0,0,,,,,,1
1022200057,169,5,2,2,7:29 PM,9:27,Ionescu Lost Ball Turnover (P3.T5),,Robinson STEAL (1 STL),,,4,1629477,Sabrina Ionescu,1611661313.0,New York,Liberty,NYL,5,202658,Danielle Robinson,1611661325.0,Indiana,Fever,IND,0,0,,,,,,1
1022200057,171,1,41,2,7:29 PM,9:23,,,Smith 2' Running Layup (2 PTS) (Robinson 3 AST),18 - 23,5,5,1631019,NaLyssa Smith,1611661325.0,Indiana,Fever,IND,5,202658,Danielle Robinson,1611661325.0,Indiana,Fever,IND,0,0,,,,,,1
1022200057,173,5,1,2,7:29 PM,9:10,Howard Bad Pass Turnover (P2.T6),,T. Mitchell STEAL (1 STL),,,4,203827,Natasha Howard,1611661313.0,New York,Liberty,NYL,5,1627676,Tiffany Mitchell,1611661325.0,Indiana,Fever,IND,0,0,,,,,,1
1022200057,175,1,41,2,7:30 PM,9:06,,,T. Mitchell 2' Running Layup (4 PTS),20 - 23,3,5,1627676,Tiffany Mitchell,1611661325.0,Indiana,Fever,IND,0,0,,,,,,0,0,,,,,,1
1022200057,176,9,1,2,7:30 PM,9:00,LIBERTY Timeout: Regular (Full 1 Short 0),,,,,2,1611661313,,,,,,0,0,,,,,,0,0,,,,,,0
1022200057,177,8,0,2,7:30 PM,9:00,SUB: Dangerfield FOR Durr,,,,,4,1629476,Asia (AD) Durr,1611661313.0,New York,Liberty,NYL,4,1630101,Crystal Dangerfield,1611661313.0,New York,Liberty,NYL,0,0,,,,,,0
1022200057,179,2,1,2,7:33 PM,8:45,MISS Whitcomb 3PT Jump Shot,,Egbo BLOCK (1 BLK),,,4,1628244,Sami Whitcomb,1611661313.0,New York,Liberty,NYL,0,0,,,,,,5,1631031,Queen Egbo,1611661325.0,Indiana,Fever,IND,1
1022200057,181,4,0,2,7:33 PM,8:40,,,Vivians REBOUND (Off:0 Def:2),,,5,1628927,Victoria Vivians,1611661325.0,Indiana,Fever,IND,0,0,,,,,,0,0,,,,,,1
1022200057,182,1,96,2,7:33 PM,8:24,,,Egbo 5' Turnaround Bank Hook Shot (2 PTS) (Vivians 1 AST),22 - 23,1,5,1631031,Queen Egbo,1611661325.0,Indiana,Fever,IND,5,1628927,Victoria Vivians,1611661325.0,Indiana,Fever,IND,0,0,,,,,,1
1022200057,184,5,40,2,7:34 PM,8:14,Howard Out of Bounds Lost Ball Turnover (P3.T7),,,,,4,203827,Natasha Howard,1611661313.0,New York,Liberty,NYL,0,0,,,,,,1,0,,,,,,1
1022200057,185,8,0,2,7:34 PM,8:14,SUB: Allen FOR Whitcomb,,,,,4,1628244,Sami Whitcomb,1611661313.0,New York,Liberty,NYL,4,204296,Rebecca Allen,1611661313.0,New York,Liberty,NYL,0,0,,,,,,0
1022200057,187,6,1,2,7:34 PM,7:55,Ionescu P.FOUL (P2.T1),,,,,4,1629477,Sabrina Ionescu,1611661313.0,New York,Liberty,NYL,5,1631031,Queen Egbo,1611661325.0,Indiana,Fever,IND,1,0,,,,,,1
1022200057,189,6,2,2,7:35 PM,7:49,Dolson S.FOUL (P2.T2),,,,,4,203828,Stefanie Dolson,1611661313.0,New York,Liberty,NYL,5,202658,Danielle Robinson,1611661325.0,Indiana,Fever,IND,1,0,,,,,,1
1022200057,191,3,11,2,7:35 PM,7:49,,,Robinson Free Throw 1 of 2 (1 PTS),23 - 23,TIE,5,202658,Danielle Robinson,1611661325.0,Indiana,Fever,IND,0,0,,,,,,0,0,,,,,,0
1022200057,192,8,0,2,7:35 PM,7:49,,,SUB: K. Mitchell FOR Vivians,,,5,1628927,Victoria Vivians,1611661325.0,Indiana,Fever,IND,5,1628909,Kelsey Mitchell,1611661325.0,Indiana,Fever,IND,0,0,,,,,,0
1022200057,194,3,12,2,7:35 PM,7:49,,,Robinson Free Throw 2 of 2 (2 PTS),24 - 23,-1,5,202658,Danielle Robinson,1611661325.0,Indiana,Fever,IND,0,0,,,,,,0,0,,,,,,0
1022200057,195,6,2,2,7:36 PM,7:38,,,T. Mitchell S.FOUL (P1.T1),,,5,1627676,Tiffany Mitchell,1611661325.0,Indiana,Fever,IND,4,204296,Rebecca Allen,1611661313.0,New York,Liberty,NYL,1,0,,,,,,1
1022200057,197,3,11,2,7:36 PM,7:38,Allen Free Throw 1 of 2 (3 PTS),,,24 - 24,TIE,4,204296,Rebecca Allen,1611661313.0,New York,Liberty,NYL,0,0,,,,,,0,0,,,,,,0
1022200057,198,8,0,2,7:36 PM,7:38,SUB: Xu FOR Ionescu,,,,,4,1629477,Sabrina Ionescu,1611661313.0,New York,Liberty,NYL,4,1629566,Han Xu,1611661313.0,New York,Liberty,NYL,0,0,,,,,,0
1022200057,199,8,0,2,7:36 PM,7:38,SUB: Whitcomb FOR Dolson,,,,,4,203828,Stefanie Dolson,1611661313.0,New York,Liberty,NYL,4,1628244,Sami Whitcomb,1611661313.0,New York,Liberty,NYL,0,0,,,,,,0
1022200057,202,3,12,2,7:36 PM,7:38,Allen Free Throw 2 of 2 (4 PTS),,,24 - 25,1,4,204296,Rebecca Allen,1611661313.0,New York,Liberty,NYL,0,0,,,,,,0,0,,,,,,0
1022200057,203,2,101,2,7:37 PM,7:16,,,MISS Robinson 5' Driving Floating Jump Shot,,,5,202658,Danielle Robinson,1611661325.0,Indiana,Fever,IND,0,0,,,,,,0,0,,,,,,1
1022200057,204,4,0,2,7:37 PM,7:11,Dangerfield REBOUND (Off:0 Def:2),,,,,4,1630101,Crystal Dangerfield,1611661313.0,New York,Liberty,NYL,0,0,,,,,,0,0,,,,,,1
1022200057,205,1,103,2,7:37 PM,7:09,Allen 3PT Running Pull-Up Jump Shot (7 PTS) (Dangerfield 1 AST),,,24 - 28,4,4,204296,Rebecca Allen,1611661313.0,New York,Liberty,NYL,4,1630101,Crystal Dangerfield,1611661313.0,New York,Liberty,NYL,0,0,,,,,,1
1022200057,206,2,5,2,7:37 PM,6:50,,,MISS Egbo 3' Layup,,,5,1631031,Queen Egbo,1611661325.0,Indiana,Fever,IND,0,0,,,,,,0,0,,,,,,1
1022200057,208,4,0,2,7:37 PM,6:50,Xu REBOUND (Off:1 Def:3),,,,,4,1629566,Han Xu,1611661313.0,New York,Liberty,NYL,0,0,,,,,,0,0,,,,,,1
1022200057,209,5,1,2,7:37 PM,6:43,Dangerfield Bad Pass Turnover (P1.T8),,Egbo STEAL (1 STL),,,4,1630101,Crystal Dangerfield,1611661313.0,New York,Liberty,NYL,5,1631031,Queen Egbo,1611661325.0,Indiana,Fever,IND,0,0,,,,,,1
1022200057,212,2,1,2,7:37 PM,6:39,,,MISS Smith 3PT Jump Shot,,,5,1631019,NaLyssa Smith,1611661325.0,Indiana,Fever,IND,0,0,,,,,,0,0,,,,,,1
1022200057,213,4,0,2,7:37 PM,6:35,,,T. Mitchell REBOUND (Off:1 Def:1),,,5,1627676,Tiffany Mitchell,1611661325.0,Indiana,Fever,IND,0,0,,,,,,0,0,,,,,,1
1022200057,214,2,58,2,7:37 PM,6:27,,,MISS Smith 6' Turnaround Hook Shot,,,5,1631019,NaLyssa Smith,1611661325.0,Indiana,Fever,IND,0,0,,,,,,0,0,,,,,,1
1022200057,215,4,0,2,7:37 PM,6:26,LIBERTY Rebound,,,,,2,1611661313,,,,,,0,0,,,,,,0,0,,,,,,0
1022200057,216,6,3,2,7:38 PM,6:26,,,T. Mitchell L.B.FOUL (P2.T2),,,5,1627676,Tiffany Mitchell,1611661325.0,Indiana,Fever,IND,4,204296,Rebecca Allen,1611661313.0,New York,Liberty,NYL,1,0,,,,,,1
1022200057,218,8,0,2,7:38 PM,6:26,,,SUB: Engstler FOR Smith,,,5,1631019,NaLyssa Smith,1611661325.0,Indiana,Fever,IND,5,1631083,Emily Engstler,1611661325.0,Indiana,Fever,IND,0,0,,,,,,0
1022200057,219,8,0,2,7:38 PM,6:26,,,SUB: Hartley FOR T. Mitchell,,,5,1627676,Tiffany Mitchell,1611661325.0,Indiana,Fever,IND,5,203829,Bria Hartley,1611661325.0,Indiana,Fever,IND,0,0,,,,,,0
1022200057,222,8,0,2,7:38 PM,6:26,,,SUB: Henderson FOR Robinson,,,5,202658,Danielle Robinson,1611661325.0,Indiana,Fever,IND,5,1631089,Destanni Henderson,1611661325.0,Indiana,Fever,IND,0,0,,,,,,0
1022200057,224,2,6,2,7:38 PM,6:17,MISS Allen 3' Driving Layup,,Egbo BLOCK (2 BLK),,,4,204296,Rebecca Allen,1611661313.0,New York,Liberty,NYL,0,0,,,,,,5,1631031,Queen Egbo,1611661325.0,Indiana,Fever,IND,1
1022200057,226,4,0,2,7:38 PM,6:17,LIBERTY Rebound,,,,,2,1611661313,,,,,,0,0,,,,,,0,0,,,,,,0
1022200057,228,2,1,2,7:39 PM,6:11,MISS Allen 24' 3PT Jump Shot,,,,,4,204296,Rebecca Allen,1611661313.0,New York,Liberty,NYL,0,0,,,,,,0,0,,,,,,1
1022200057,229,4,0,2,7:39 PM,6:06,,,Engstler REBOUND (Off:1 Def:2),,,5,1631083,Emily Engstler,1611661325.0,Indiana,Fever,IND,0,0,,,,,,0,0,,,,,,1
1022200057,230,1,5,2,7:39 PM,5:48,,,Egbo 3' Layup (4 PTS) (Hartley 1 AST),26 - 28,2,5,1631031,Queen Egbo,1611661325.0,Indiana,Fever,IND,5,203829,Bria Hartley,1611661325.0,Indiana,Fever,IND,0,0,,,,,,1
1022200057,232,5,4,2,7:39 PM,5:35,Howard Traveling Turnover (P4.T9),,,,,4,203827,Natasha Howard,1611661313.0,New York,Liberty,NYL,0,0,,,,,,1,0,,,,,,1
1022200057,233,1,1,2,7:40 PM,5:23,,,K. Mitchell 3PT Jump Shot (5 PTS) (Hartley 2 AST),29 - 28,-1,5,1628909,Kelsey Mitchell,1611661325.0,Indiana,Fever,IND,5,203829,Bria Hartley,1611661325.0,Indiana,Fever,IND,0,0,,,,,,1
1022200057,235,1,79,2,7:40 PM,4:56,Dangerfield 16' Pullup Jump Shot (2 PTS),,,29 - 30,1,4,1630101,Crystal Dangerfield,1611661313.0,New York,Liberty,NYL,0,0,,,,,,0,0,,,,,,1
1022200057,236,2,1,2,7:41 PM,4:40,,,MISS Engstler 24' 3PT Jump Shot,,,5,1631083,Emily Engstler,1611661325.0,Indiana,Fever,IND,0,0,,,,,,0,0,,,,,,1
1022200057,237,4,0,2,7:41 PM,4:36,Allen REBOUND (Off:0 Def:3),,,,,4,204296,Rebecca Allen,1611661313.0,New York,Liberty,NYL,0,0,,,,,,0,0,,,,,,1
1022200057,238,2,1,2,7:41 PM,4:27,MISS Howard 24' 3PT Jump Shot,,,,,4,203827,Natasha Howard,1611661313.0,New York,Liberty,NYL,0,0,,,,,,0,0,,,,,,1
1022200057,239,4,0,2,7:41 PM,4:25,Xu REBOUND (Off:2 Def:3),,,,,4,1629566,Han Xu,1611661313.0,New York,Liberty,NYL,0,0,,,,,,0,0,,,,,,1
1022200057,240,1,72,2,7:41 PM,4:23,Xu 1' Putback Layup (4 PTS),,,29 - 32,3,4,1629566,Han Xu,1611661313.0,New York,Liberty,NYL,0,0,,,,,,0,0,,,,,,1
1022200057,241,2,6,2,7:41 PM,4:00,,,MISS K. Mitchell 5' Driving Layup,,,5,1628909,Kelsey Mitchell,1611661325.0,Indiana,Fever,IND,0,0,,,,,,0,0,,,,,,1
1022200057,242,4,0,2,7:41 PM,3:58,Xu REBOUND (Off:2 Def:4),,,,,4,1629566,Han Xu,1611661313.0,New York,Liberty,NYL,0,0,,,,,,0,0,,,,,,1
1022200057,243,6,2,2,7:42 PM,3:49,,,Egbo S.FOUL (P1.T3),,,5,1631031,Queen Egbo,1611661325.0,Indiana,Fever,IND,4,203827,Natasha Howard,1611661313.0,New York,Liberty,NYL,1,0,,,,,,1
1022200057,245,3,11,2,7:42 PM,3:49,MISS Howard Free Throw 1 of 2,,,,,4,203827,Natasha Howard,1611661313.0,New York,Liberty,NYL,0,0,,,,,,0,0,,,,,,0
1022200057,246,4,1,2,7:42 PM,3:49,LIBERTY Rebound,,,,,2,1611661313,,,,,,0,0,,,,,,0,0,,,,,,0
1022200057,247,8,0,2,7:42 PM,3:49,SUB: Ionescu FOR Whitcomb,,,,,4,1628244,Sami Whitcomb,1611661313.0,New York,Liberty,NYL,4,1629477,Sabrina Ionescu,1611661313.0,New York,Liberty,NYL,0,0,,,,,,0
1022200057,248,8,0,2,7:42 PM,3:49,,,SUB: Smith FOR Egbo,,,5,1631031,Queen Egbo,1611661325.0,Indiana,Fever,IND,5,1631019,NaLyssa Smith,1611661325.0,Indiana,Fever,IND,0,0,,,,,,0
1022200057,251,3,12,2,7:42 PM,3:49,Howard Free Throw 2 of 2 (5 PTS),,,29 - 33,4,4,203827,Natasha Howard,1611661313.0,New York,Liberty,NYL,0,0,,,,,,0,0,,,,,,0
1022200057,252,7,5,2,7:43 PM,3:35,Ionescu Violation:Kicked Ball,,,,,4,1629477,Sabrina Ionescu,1611661313.0,New York,Liberty,NYL,0,0,,,,,,1,0,,,,,,0
1022200057,253,8,0,2,7:43 PM,3:35,SUB: Onyenwere FOR Howard,,,,,4,203827,Natasha Howard,1611661313.0,New York,Liberty,NYL,4,1630446,Michaela Onyenwere,1611661313.0,New York,Liberty,NYL,0,0,,,,,,0
1022200057,255,1,66,2,7:43 PM,3:28,,,Henderson 25' 3PT Jump Bank Shot (3 PTS) (K. Mitchell 1 AST),32 - 33,1,5,1631089,Destanni Henderson,1611661325.0,Indiana,Fever,IND,5,1628909,Kelsey Mitchell,1611661325.0,Indiana,Fever,IND,0,0,,,,,,1
1022200057,257,6,2,2,7:44 PM,3:02,,,Smith S.FOUL (P2.T4),,,5,1631019,NaLyssa Smith,1611661325.0,Indiana,Fever,IND,4,1630101,Crystal Dangerfield,1611661313.0,New York,Liberty,NYL,1,0,,,,,,1
1022200057,259,3,11,2,7:44 PM,3:02,Dangerfield Free Throw 1 of 2 (3 PTS),,,32 - 34,2,4,1630101,Crystal Dangerfield,1611661313.0,New York,Liberty,NYL,0,0,,,,,,0,0,,,,,,0
1022200057,260,8,0,2,7:45 PM,3:02,,,SUB: Robinson FOR Hartley,,,5,203829,Bria Hartley,1611661325.0,Indiana,Fever,IND,5,202658,Danielle Robinson,1611661325.0,Indiana,Fever,IND,0,0,,,,,,0
1022200057,261,8,0,2,7:45 PM,3:02,,,SUB: Vivians FOR Henderson,,,5,1631089,Destanni Henderson,1611661325.0,Indiana,Fever,IND,5,1628927,Victoria Vivians,1611661325.0,Indiana,Fever,IND,0,0,,,,,,0
1022200057,264,3,12,2,7:45 PM,3:02,Dangerfield Free Throw 2 of 2 (4 PTS),,,32 - 35,3,4,1630101,Crystal Dangerfield,1611661313.0,New York,Liberty,NYL,0,0,,,,,,0,0,,,,,,0
1022200057,265,1,1,2,7:45 PM,2:51,,,K. Mitchell 26' 3PT Jump Shot (8 PTS) (Vivians 2 AST),35 - 35,TIE,5,1628909,Kelsey Mitchell,1611661325.0,Indiana,Fever,IND,5,1628927,Victoria Vivians,1611661325.0,Indiana,Fever,IND,0,0,,,,,,1
1022200057,267,2,1,2,7:45 PM,2:31,MISS Onyenwere 25' 3PT Jump Shot,,,,,4,1630446,Michaela Onyenwere,1611661313.0,New York,Liberty,NYL,0,0,,,,,,0,0,,,,,,1
1022200057,268,4,0,2,7:45 PM,2:29,,,Robinson REBOUND (Off:0 Def:2),,,5,202658,Danielle Robinson,1611661325.0,Indiana,Fever,IND,0,0,,,,,,0,0,,,,,,1
1022200057,269,2,74,2,7:46 PM,2:26,,,MISS K. Mitchell 3' Running Reverse Layup,,,5,1628909,Kelsey Mitchell,1611661325.0,Indiana,Fever,IND,0,0,,,,,,0,0,,,,,,1
1022200057,270,4,0,2,7:46 PM,2:23,,,Robinson REBOUND (Off:1 Def:2),,,5,202658,Danielle Robinson,1611661325.0,Indiana,Fever,IND,0,0,,,,,,0,0,,,,,,1
1022200057,271,2,97,2,7:46 PM,2:23,,,MISS Robinson 1' Tip Layup Shot,,,5,202658,Danielle Robinson,1611661325.0,Indiana,Fever,IND,0,0,,,,,,0,0,,,,,,1
1022200057,272,4,0,2,7:46 PM,2:23,,,Robinson REBOUND (Off:2 Def:2),,,5,202658,Danielle Robinson,1611661325.0,Indiana,Fever,IND,0,0,,,,,,0,0,,,,,,1
1022200057,273,1,1,2,7:46 PM,2:19,,,Vivians 25' 3PT Jump Shot (10 PTS) (K. Mitchell 2 AST),38 - 35,-3,5,1628927,Victoria Vivians,1611661325.0,Indiana,Fever,IND,5,1628909,Kelsey Mitchell,1611661325.0,Indiana,Fever,IND,0,0,,,,,,1
1022200057,275,9,1,2,7:46 PM,2:13,LIBERTY Timeout: Regular (Full 2 Short 0),,,,,2,1611661313,,,,,,0,0,,,,,,0,0,,,,,,0
1022200057,276,8,0,2,7:46 PM,2:13,SUB: Cubaj FOR Onyenwere,,,,,4,1630446,Michaela Onyenwere,1611661313.0,New York,Liberty,NYL,4,1631032,Lorela Cubaj,1611661313.0,New York,Liberty,NYL,0,0,,,,,,0
1022200057,278,2,1,2,7:50 PM,1:57,MISS Ionescu 26' 3PT Jump Shot,,,,,4,1629477,Sabrina Ionescu,1611661313.0,New York,Liberty,NYL,0,0,,,,,,0,0,,,,,,1
1022200057,279,4,0,2,7:50 PM,1:51,,,Robinson REBOUND (Off:2 Def:3),,,5,202658,Danielle Robinson,1611661325.0,Indiana,Fever,IND,0,0,,,,,,0,0,,,,,,1
1022200057,280,1,73,2,7:50 PM,1:36,,,Engstler 2' Driving Reverse Layup (2 PTS) (Vivians 3 AST),40 - 35,-5,5,1631083,Emily Engstler,1611661325.0,Indiana,Fever,IND,5,1628927,Victoria Vivians,1611661325.0,Indiana,Fever,IND,0,0,,,,,,1
1022200057,281,2,1,2,7:50 PM,1:22,MISS Cubaj 21' Jump Shot,,,,,4,1631032,Lorela Cubaj,1611661313.0,New York,Liberty,NYL,0,0,,,,,,0,0,,,,,,1
1022200057,282,4,0,2,7:50 PM,1:19,,,Smith REBOUND (Off:1 Def:4),,,5,1631019,NaLyssa Smith,1611661325.0,Indiana,Fever,IND,0,0,,,,,,0,0,,,,,,1
1022200057,283,1,78,2,7:51 PM,0:55,,,Vivians 18' Floating Jump Shot (12 PTS) (K. Mitchell 3 AST),42 - 35,-7,5,1628927,Victoria Vivians,1611661325.0,Indiana,Fever,IND,5,1628909,Kelsey Mitchell,1611661325.0,Indiana,Fever,IND,0,0,,,,,,1
1022200057,285,1,79,2,7:51 PM,0:43,Allen 19' Pullup Jump Shot (9 PTS),,,42 - 37,-5,4,204296,Rebecca Allen,1611661313.0,New York,Liberty,NYL,0,0,,,,,,0,0,,,,,,1
1022200057,286,1,47,2,7:51 PM,0:29,,,Vivians 11' Turnaround Jump Shot (14 PTS) (Smith 3 AST),44 - 37,-7,5,1628927,Victoria Vivians,1611661325.0,Indiana,Fever,IND,5,1631019,NaLyssa Smith,1611661325.0,Indiana,Fever,IND,0,0,,,,,,1
1022200057,289,10,0,2,7:52 PM,0:05,Jump Ball Dangerfield vs. Vivians: Tip to Ionescu,,,,,4,1630101,Crystal Dangerfield,1611661313.0,New York,Liberty,NYL,5,1628927,Victoria Vivians,1611661325.0,Indiana,Fever,IND,4,1629477,Sabrina Ionescu,1611661313.0,New York,Liberty,NYL,1
1022200057,292,6,2,2,7:52 PM,0:04,,,Engstler S.FOUL (P3.PN),,,5,1631083,Emily Engstler,1611661325.0,Indiana,Fever,IND,4,1629477,Sabrina Ionescu,1611661313.0,New York,Liberty,NYL,1,0,,,,,,1
1022200057,294,3,13,2,7:53 PM,0:04,Ionescu Free Throw 1 of 3 (5 PTS),,,44 - 38,-6,4,1629477,Sabrina Ionescu,1611661313.0,New York,Liberty,NYL,0,0,,,,,,0,0,,,,,,0
1022200057,295,3,14,2,7:53 PM,0:04,Ionescu Free Throw 2 of 3 (6 PTS),,,44 - 39,-5,4,1629477,Sabrina Ionescu,1611661313.0,New York,Liberty,NYL,0,0,,,,,,0,0,,,,,,0
1022200057,296,8,0,2,7:53 PM,0:04,,,SUB: Egbo FOR Engstler,,,5,1631083,Emily Engstler,1611661325.0,Indiana,Fever,IND,5,1631031,Queen Egbo,1611661325.0,Indiana,Fever,IND,0,0,,,,,,0
1022200057,298,3,15,2,7:53 PM,0:04,Ionescu Free Throw 3 of 3 (7 PTS),,,44 - 40,-4,4,1629477,Sabrina Ionescu,1611661313.0,New York,Liberty,NYL,0,0,,,,,,0,0,,,,,,0
1022200057,299,1,79,2,7:53 PM,0:00,,,Robinson 33' 3PT Pullup Jump Shot (5 PTS),47 - 40,-7,5,202658,Danielle Robinson,1611661325.0,Indiana,Fever,IND,0,0,,,,,,0,0,,,,,,1
1022200057,300,18,0,2,7:54 PM,0:00,,Instant Replay2nd Period (7:54 PM EST),,47 - 40,-7,0,299,Glenn Robinson,,,,,0,0,,,,,,1,0,,,,,,0
1022200057,301,13,0,2,7:54 PM,0:00,,End of 2nd Period (7:54 PM EST),,47 - 40,-7,0,0,,,,,,0,0,,,,,,0,0,,,,,,1
1022200057,306,12,0,3,8:10 PM,10:00,,Start of 3rd Period (8:10 PM EST),,47 - 40,-7,0,0,,,,,,0,0,,,,,,0,0,,,,,,0
1022200057,307,1,6,3,8:10 PM,9:45,,,K. Mitchell 3' Driving Layup (10 PTS),49 - 40,-9,5,1628909,Kelsey Mitchell,1611661325.0,Indiana,Fever,IND,0,0,,,,,,0,0,,,,,,1
1022200057,308,2,1,3,8:11 PM,9:20,MISS Dolson 25' 3PT Jump Shot,,,,,4,203828,Stefanie Dolson,1611661313.0,New York,Liberty,NYL,0,0,,,,,,0,0,,,,,,1
1022200057,309,4,0,3,8:11 PM,9:15,,,Robinson REBOUND (Off:2 Def:4),,,5,202658,Danielle Robinson,1611661325.0,Indiana,Fever,IND,0,0,,,,,,0,0,,,,,,1
1022200057,310,1,79,3,8:11 PM,9:03,,,K. Mitchell 26' 3PT Pullup Jump Shot (13 PTS) (Smith 4 AST),52 - 40,-12,5,1628909,Kelsey Mitchell,1611661325.0,Indiana,Fever,IND,5,1631019,NaLyssa Smith,1611661325.0,Indiana,Fever,IND,0,0,,,,,,1
1022200057,312,2,57,3,8:11 PM,8:43,MISS Dolson 3' Driving Hook Shot,,,,,4,203828,Stefanie Dolson,1611661313.0,New York,Liberty,NYL,0,0,,,,,,0,0,,,,,,1
1022200057,313,4,0,3,8:11 PM,8:41,Dolson REBOUND (Off:2 Def:0),,,,,4,203828,Stefanie Dolson,1611661313.0,New York,Liberty,NYL,0,0,,,,,,0,0,,,,,,1
1022200057,314,2,1,3,8:11 PM,8:39,MISS Dangerfield 26' 3PT Jump Shot,,,,,4,1630101,Crystal Dangerfield,1611661313.0,New York,Liberty,NYL,0,0,,,,,,0,0,,,,,,1
1022200057,315,4,0,3,8:11 PM,8:39,,,Fever Rebound,,,3,1611661325,,,,,,0,0,,,,,,0,0,,,,,,0
1022200057,316,6,3,3,8:12 PM,8:39,Howard L.B.FOUL (P1.T1),,,,,4,203827,Natasha Howard,1611661313.0,New York,Liberty,NYL,5,1631031,Queen Egbo,1611661325.0,Indiana,Fever,IND,1,0,,,,,,1
1022200057,318,5,45,3,8:12 PM,8:27,,,Vivians Out of Bounds - Bad Pass Turnover Turnover (P1.T4),,,5,1628927,Victoria Vivians,1611661325.0,Indiana,Fever,IND,0,0,,,,,,1,0,,,,,,1
1022200057,319,1,79,3,8:12 PM,8:16,Ionescu 26' 3PT Pullup Jump Shot (10 PTS) (Dangerfield 2 AST),,,52 - 43,-9,4,1629477,Sabrina Ionescu,1611661313.0,New York,Liberty,NYL,4,1630101,Crystal Dangerfield,1611661313.0,New York,Liberty,NYL,0,0,,,,,,1
1022200057,321,2,1,3,8:13 PM,7:56,,,MISS K. Mitchell 24' 3PT Jump Shot,,,5,1628909,Kelsey Mitchell,1611661325.0,Indiana,Fever,IND,0,0,,,,,,0,0,,,,,,1
1022200057,322,4,0,3,8:13 PM,7:51,Dolson REBOUND (Off:2 Def:1),,,,,4,203828,Stefanie Dolson,1611661313.0,New York,Liberty,NYL,0,0,,,,,,0,0,,,,,,1
1022200057,323,6,1,3,8:13 PM,7:50,,,K. Mitchell P.FOUL (P1.T1),,,5,1628909,Kelsey Mitchell,1611661325.0,Indiana,Fever,IND,4,204296,Rebecca Allen,1611661313.0,New York,Liberty,NYL,1,0,,,,,,1
1022200057,325,1,79,3,8:13 PM,7:38,Allen 19' Pullup Jump Shot (11 PTS) (Dolson 3 AST),,,52 - 45,-7,4,204296,Rebecca Allen,1611661313.0,New York,Liberty,NYL,4,203828,Stefanie Dolson,1611661313.0,New York,Liberty,NYL,0,0,,,,,,1
1022200057,326,2,1,3,8:13 PM,7:24,,,MISS K. Mitchell 25' 3PT Jump Shot,,,5,1628909,Kelsey Mitchell,1611661325.0,Indiana,Fever,IND,0,0,,,,,,0,0,,,,,,1
1022200057,327,4,0,3,8:14 PM,7:21,Dolson REBOUND (Off:2 Def:2),,,,,4,203828,Stefanie Dolson,1611661313.0,New York,Liberty,NYL,0,0,,,,,,0,0,,,,,,1
1022200057,329,1,2,3,8:14 PM,7:15,Dolson 25' 3PT Running Jump Shot (10 PTS) (Dangerfield 3 AST),,,52 - 48,-4,4,203828,Stefanie Dolson,1611661313.0,New York,Liberty,NYL,4,1630101,Crystal Dangerfield,1611661313.0,New York,Liberty,NYL,0,0,,,,,,1
1022200057,331,6,1,3,8:14 PM,7:04,Ionescu P.FOUL (P3.T2),,,,,4,1629477,Sabrina Ionescu,1611661313.0,New York,Liberty,NYL,5,1631019,NaLyssa Smith,1611661325.0,Indiana,Fever,IND,1,0,,,,,,1
1022200057,334,2,102,3,8:15 PM,6:48,,,MISS Smith 6' Driving Floating Bank Jump Shot,,,5,1631019,NaLyssa Smith,1611661325.0,Indiana,Fever,IND,0,0,,,,,,0,0,,,,,,1
1022200057,335,4,0,3,8:15 PM,6:46,Allen REBOUND (Off:0 Def:4),,,,,4,204296,Rebecca Allen,1611661313.0,New York,Liberty,NYL,0,0,,,,,,0,0,,,,,,1
1022200057,336,2,1,3,8:15 PM,6:36,MISS Howard 27' 3PT Jump Shot,,,,,4,203827,Natasha Howard,1611661313.0,New York,Liberty,NYL,0,0,,,,,,0,0,,,,,,1
1022200057,337,4,0,3,8:15 PM,6:33,Dolson REBOUND (Off:3 Def:2),,,,,4,203828,Stefanie Dolson,1611661313.0,New York,Liberty,NYL,0,0,,,,,,0,0,,,,,,1
1022200057,338,1,98,3,8:15 PM,6:26,Howard 2' Cutting Layup Shot (7 PTS) (Dangerfield 4 AST),,,52 - 50,-2,4,203827,Natasha Howard,1611661313.0,New York,Liberty,NYL,4,1630101,Crystal Dangerfield,1611661313.0,New York,Liberty,NYL,0,0,,,,,,0
1022200057,340,9,1,3,8:15 PM,6:26,,,Fever Timeout: Regular (Reg.1 Short 1),,,3,1611661325,,,,,,0,0,,,,,,0,0,,,,,,0
1022200057,341,18,0,3,8:15 PM,6:26,,Instant Replay3rd Period (8:15 PM EST),,52 - 50,-2,0,325,,,,,,0,0,,,,,,1,0,,,,,,0
1022200057,342,5,45,3,8:19 PM,6:09,,,Vivians Out of Bounds - Bad Pass Turnover Turnover (P2.T5),,,5,1628927,Victoria Vivians,1611661325.0,Indiana,Fever,IND,0,0,,,,,,1,0,,,,,,1
1022200057,343,1,58,3,8:19 PM,5:55,Howard 4' Turnaround Hook Shot (9 PTS) (Dolson 4 AST),,,52 - 52,TIE,4,203827,Natasha Howard,1611661313.0,New York,Liberty,NYL,4,203828,Stefanie Dolson,1611661313.0,New York,Liberty,NYL,0,0,,,,,,1
1022200057,347,6,2,3,8:19 PM,5:55,,,Vivians S.FOUL (P1.T2),,,5,1628927,Victoria Vivians,1611661325.0,Indiana,Fever,IND,4,203827,Natasha Howard,1611661313.0,New York,Liberty,NYL,1,0,,,,,,0
1022200057,349,8,0,3,8:19 PM,5:55,,,SUB: Engstler FOR Egbo,,,5,1631031,Queen Egbo,1611661325.0,Indiana,Fever,IND,5,1631083,Emily Engstler,1611661325.0,Indiana,Fever,IND,0,0,,,,,,0
1022200057,351,3,10,3,8:20 PM,5:55,Howard Free Throw 1 of 1 (10 PTS),,,52 - 53,1,4,203827,Natasha Howard,1611661313.0,New York,Liberty,NYL,0,0,,,,,,0,0,,,,,,0
1022200057,352,1,80,3,8:20 PM,5:37,,,K. Mitchell 19' Step Back Jump Shot (15 PTS) (Engstler 1 AST),54 - 53,-1,5,1628909,Kelsey Mitchell,1611661325.0,Indiana,Fever,IND,5,1631083,Emily Engstler,1611661325.0,Indiana,Fever,IND,0,0,,,,,,1
1022200057,353,2,58,3,8:20 PM,5:18,MISS Howard 8' Turnaround Hook Shot,,,,,4,203827,Natasha Howard,1611661313.0,New York,Liberty,NYL,0,0,,,,,,0,0,,,,,,1
1022200057,354,4,0,3,8:20 PM,5:16,,,Vivians REBOUND (Off:0 Def:3),,,5,1628927,Victoria Vivians,1611661325.0,Indiana,Fever,IND,0,0,,,,,,0,0,,,,,,1
1022200057,355,5,45,3,8:20 PM,5:03,,,K. Mitchell Out of Bounds - Bad Pass Turnover Turnover (P1.T6),,,5,1628909,Kelsey Mitchell,1611661325.0,Indiana,Fever,IND,0,0,,,,,,1,0,,,,,,1
1022200057,356,8,0,3,8:20 PM,5:03,,,SUB: Hartley FOR Vivians,,,5,1628927,Victoria Vivians,1611661325.0,Indiana,Fever,IND,5,203829,Bria Hartley,1611661325.0,Indiana,Fever,IND,0,0,,,,,,0
1022200057,358,1,66,3,8:21 PM,4:40,Ionescu 32' 3PT Jump Bank Shot (13 PTS) (Dangerfield 5 AST),,,54 - 56,2,4,1629477,Sabrina Ionescu,1611661313.0,New York,Liberty,NYL,4,1630101,Crystal Dangerfield,1611661313.0,New York,Liberty,NYL,0,0,,,,,,1
1022200057,360,1,1,3,8:21 PM,4:29,,,Hartley 13' Jump Shot (7 PTS) (K. Mitchell 4 AST),56 - 56,TIE,5,203829,Bria Hartley,1611661325.0,Indiana,Fever,IND,5,1628909,Kelsey Mitchell,1611661325.0,Indiana,Fever,IND,0,0,,,,,,1
1022200057,362,5,1,3,8:21 PM,4:17,Howard Bad Pass Turnover (P5.T10),,Hartley STEAL (1 STL),,,4,203827,Natasha Howard,1611661313.0,New York,Liberty,NYL,5,203829,Bria Hartley,1611661325.0,Indiana,Fever,IND,0,0,,,,,,1
1022200057,364,2,80,3,8:22 PM,4:00,,,MISS Hartley 17' Step Back Jump Shot,,,5,203829,Bria Hartley,1611661325.0,Indiana,Fever,IND,0,0,,,,,,0,0,,,,,,1
1022200057,366,4,0,3,8:22 PM,4:00,,,Fever Rebound,,,3,1611661325,,,,,,0,0,,,,,,0,0,,,,,,0
1022200057,367,6,3,3,8:22 PM,4:00,Howard L.B.FOUL (P2.T3),,,,,4,203827,Natasha Howard,1611661313.0,New York,Liberty,NYL,5,1631019,NaLyssa Smith,1611661325.0,Indiana,Fever,IND,1,0,,,,,,1
1022200057,369,8,0,3,8:22 PM,4:00,SUB: Whitcomb FOR Allen,,,,,4,204296,Rebecca Allen,1611661313.0,New York,Liberty,NYL,4,1628244,Sami Whitcomb,1611661313.0,New York,Liberty,NYL,0,0,,,,,,0
1022200057,370,8,0,3,8:22 PM,4:00,,,SUB: Henderson FOR Robinson,,,5,202658,Danielle Robinson,1611661325.0,Indiana,Fever,IND,5,1631089,Destanni Henderson,1611661325.0,Indiana,Fever,IND,0,0,,,,,,0
1022200057,373,2,1,3,8:22 PM,3:56,,,MISS Engstler 24' 3PT Jump Shot,,,5,1631083,Emily Engstler,1611661325.0,Indiana,Fever,IND,0,0,,,,,,0,0,,,,,,1
1022200057,374,4,0,3,8:22 PM,3:53,Ionescu REBOUND (Off:1 Def:3),,,,,4,1629477,Sabrina Ionescu,1611661313.0,New York,Liberty,NYL,0,0,,,,,,0,0,,,,,,1
1022200057,375,1,6,3,8:22 PM,3:46,Ionescu 2' Driving Layup (15 PTS),,,56 - 58,2,4,1629477,Sabrina Ionescu,1611661313.0,New York,Liberty,NYL,0,0,,,,,,0,0,,,,,,1
1022200057,376,6,2,3,8:23 PM,3:46,,,Engstler S.FOUL (P4.T3),,,5,1631083,Emily Engstler,1611661325.0,Indiana,Fever,IND,4,1629477,Sabrina Ionescu,1611661313.0,New York,Liberty,NYL,1,0,,,,,,1
1022200057,378,8,0,3,8:23 PM,3:46,,,SUB: Vivians FOR K. Mitchell,,,5,1628909,Kelsey Mitchell,1611661325.0,Indiana,Fever,IND,5,1628927,Victoria Vivians,1611661325.0,Indiana,Fever,IND,0,0,,,,,,0
1022200057,380,3,10,3,8:23 PM,3:46,Ionescu Free Throw 1 of 1 (16 PTS),,,56 - 59,3,4,1629477,Sabrina Ionescu,1611661313.0,New York,Liberty,NYL,0,0,,,,,,0,0,,,,,,0
1022200057,381,1,98,3,8:23 PM,3:31,,,Smith 2' Cutting Layup Shot (4 PTS) (Vivians 4 AST),58 - 59,1,5,1631019,NaLyssa Smith,1611661325.0,Indiana,Fever,IND,5,1628927,Victoria Vivians,1611661325.0,Indiana,Fever,IND,0,0,,,,,,1
1022200057,383,2,80,3,8:24 PM,3:12,MISS Ionescu 24' 3PT Step Back Jump Shot,,,,,4,1629477,Sabrina Ionescu,1611661313.0,New York,Liberty,NYL,0,0,,,,,,0,0,,,,,,1
1022200057,384,4,0,3,8:24 PM,3:08,,,Vivians REBOUND (Off:0 Def:4),,,5,1628927,Victoria Vivians,1611661325.0,Indiana,Fever,IND,0,0,,,,,,0,0,,,,,,1
1022200057,385,1,79,3,8:24 PM,2:55,,,Hartley 26' 3PT Pullup Jump Shot (10 PTS),61 - 59,-2,5,203829,Bria Hartley,1611661325.0,Indiana,Fever,IND,0,0,,,,,,0,0,,,,,,1
1022200057,386,5,45,3,8:24 PM,2:37,Howard Out of Bounds - Bad Pass Turnover Turnover (P6.T11),,,,,4,203827,Natasha Howard,1611661313.0,New York,Liberty,NYL,0,0,,,,,,1,0,,,,,,1
1022200057,387,8,0,3,8:24 PM,2:37,SUB: Durr FOR Dangerfield,,,,,4,1630101,Crystal Dangerfield,1611661313.0,New York,Liberty,NYL,4,1629476,Asia (AD) Durr,1611661313.0,New York,Liberty,NYL,0,0,,,,,,0
1022200057,388,8,0,3,8:24 PM,2:37,SUB: Cubaj FOR Howard,,,,,4,203827,Natasha Howard,1611661313.0,New York,Liberty,NYL,4,1631032,Lorela Cubaj,1611661313.0,New York,Liberty,NYL,0,0,,,,,,0
1022200057,389,8,0,3,8:24 PM,2:37,SUB: Xu FOR Dolson,,,,,4,203828,Stefanie Dolson,1611661313.0,New York,Liberty,NYL,4,1629566,Han Xu,1611661313.0,New York,Liberty,NYL,0,0,,,,,,0
1022200057,390,8,0,3,8:24 PM,2:37,,,SUB: Egbo FOR Engstler,,,5,1631083,Emily Engstler,1611661325.0,Indiana,Fever,IND,5,1631031,Queen Egbo,1611661325.0,Indiana,Fever,IND,0,0,,,,,,0
1022200057,395,2,79,3,8:25 PM,2:25,,,MISS Vivians 25' 3PT Pullup Jump Shot,,,5,1628927,Victoria Vivians,1611661325.0,Indiana,Fever,IND,0,0,,,,,,0,0,,,,,,1
1022200057,396,4,0,3,8:25 PM,2:21,Cubaj REBOUND (Off:0 Def:1),,,,,4,1631032,Lorela Cubaj,1611661313.0,New York,Liberty,NYL,0,0,,,,,,0,0,,,,,,1
1022200057,397,2,80,3,8:25 PM,2:13,MISS Whitcomb 24' 3PT Step Back Jump Shot,,,,,4,1628244,Sami Whitcomb,1611661313.0,New York,Liberty,NYL,0,0,,,,,,0,0,,,,,,1
1022200057,398,4,0,3,8:25 PM,2:08,,,Egbo REBOUND (Off:1 Def:1),,,5,1631031,Queen Egbo,1611661325.0,Indiana,Fever,IND,0,0,,,,,,0,0,,,,,,1
1022200057,399,2,47,3,8:25 PM,1:48,,,MISS Smith 6' Turnaround Jump Shot,,,5,1631019,NaLyssa Smith,1611661325.0,Indiana,Fever,IND,0,0,,,,,,0,0,,,,,,1
1022200057,400,4,0,3,8:25 PM,1:45,Ionescu REBOUND (Off:1 Def:4),,,,,4,1629477,Sabrina Ionescu,1611661313.0,New York,Liberty,NYL,0,0,,,,,,0,0,,,,,,1
1022200057,401,2,1,3,8:26 PM,1:29,MISS Durr 3PT Jump Shot,,,,,4,1629476,Asia (AD) Durr,1611661313.0,New York,Liberty,NYL,0,0,,,,,,0,0,,,,,,1
1022200057,402,4,0,3,8:26 PM,1:26,Ionescu REBOUND (Off:2 Def:4),,,,,4,1629477,Sabrina Ionescu,1611661313.0,New York,Liberty,NYL,0,0,,,,,,0,0,,,,,,1
1022200057,403,2,78,3,8:26 PM,1:25,MISS Ionescu 10' Floating Jump Shot,,,,,4,1629477,Sabrina Ionescu,1611661313.0,New York,Liberty,NYL,0,0,,,,,,0,0,,,,,,1
1022200057,404,4,0,3,8:26 PM,1:22,,,Vivians REBOUND (Off:0 Def:5),,,5,1628927,Victoria Vivians,1611661325.0,Indiana,Fever,IND,0,0,,,,,,0,0,,,,,,1
1022200057,405,2,1,3,8:26 PM,1:14,,,MISS Vivians 3PT Jump Shot,,,5,1628927,Victoria Vivians,1611661325.0,Indiana,Fever,IND,0,0,,,,,,0,0,,,,,,1
1022200057,406,4,0,3,8:26 PM,1:11,Ionescu REBOUND (Off:2 Def:5),,,,,4,1629477,Sabrina Ionescu,1611661313.0,New York,Liberty,NYL,0,0,,,,,,0,0,,,,,,1
1022200057,407,5,40,3,8:26 PM,1:02,Durr Out of Bounds Lost Ball Turnover (P1.T12),,,,,4,1629476,Asia (AD) Durr,1611661313.0,New York,Liberty,NYL,0,0,,,,,,1,0,,,,,,1
1022200057,408,8,0,3,8:26 PM,1:02,,,SUB: T. Mitchell FOR Hartley,,,5,203829,Bria Hartley,1611661325.0,Indiana,Fever,IND,5,1627676,Tiffany Mitchell,1611661325.0,Indiana,Fever,IND,0,0,,,,,,0
1022200057,410,2,79,3,8:27 PM,0:53,,,MISS Henderson 25' 3PT Pullup Jump Shot,,,5,1631089,Destanni Henderson,1611661325.0,Indiana,Fever,IND,0,0,,,,,,0,0,,,,,,1
1022200057,411,4,0,3,8:27 PM,0:51,,,Fever Rebound,,,3,1611661325,,,,,,0,0,,,,,,0,0,,,,,,0
1022200057,413,2,6,3,8:27 PM,0:45,Xu BLOCK (2 BLK),,MISS Egbo 4' Driving Layup,,,5,1631031,Queen Egbo,1611661325.0,Indiana,Fever,IND,0,0,,,,,,4,1629566,Han Xu,1611661313.0,New York,Liberty,NYL,1
1022200057,415,4,0,3,8:27 PM,0:44,LIBERTY Rebound,,,,,2,1611661313,,,,,,0,0,,,,,,0,0,,,,,,0
1022200057,417,1,1,3,8:28 PM,0:27,Xu 24' 3PT Jump Shot (7 PTS) (Ionescu 2 AST),,,61 - 62,1,4,1629566,Han Xu,1611661313.0,New York,Liberty,NYL,4,1629477,Sabrina Ionescu,1611661313.0,New York,Liberty,NYL,0,0,,,,,,1
1022200057,420,1,6,3,8:28 PM,0:16,,,T. Mitchell 4' Driving Layup (6 PTS),63 - 62,-1,5,1627676,Tiffany Mitchell,1611661325.0,Indiana,Fever,IND,0,0,,,,,,0,0,,,,,,1
1022200057,421,1,79,3,8:28 PM,0:04,Ionescu 29' 3PT Pullup Jump Shot (19 PTS),,,63 - 65,2,4,1629477,Sabrina Ionescu,1611661313.0,New York,Liberty,NYL,0,0,,,,,,0,0,,,,,,1
1022200057,422,6,2,3,8:28 PM,0:00,Ionescu S.FOUL (P4.T4),,,,,4,1629477,Sabrina Ionescu,1611661313.0,New York,Liberty,NYL,5,1627676,Tiffany Mitchell,1611661325.0,Indiana,Fever,IND,1,0,,,,,,1
1022200057,424,18,0,3,8:29 PM,0:00,,Instant Replay3rd Period (8:29 PM EST),,63 - 65,2,0,422,Avery Johnson,,,,,0,0,,,,,,1,0,,,,,,0
1022200057,425,3,13,3,8:30 PM,0:00,,,T. Mitchell Free Throw 1 of 3 (7 PTS),64 - 65,1,5,1627676,Tiffany Mitchell,1611661325.0,Indiana,Fever,IND,0,0,,,,,,0,0,,,,,,0
1022200057,426,3,14,3,8:30 PM,0:00,,,T. Mitchell Free Throw 2 of 3 (8 PTS),65 - 65,TIE,5,1627676,Tiffany Mitchell,1611661325.0,Indiana,Fever,IND,0,0,,,,,,0,0,,,,,,0
1022200057,427,3,15,3,8:30 PM,0:00,,,T. Mitchell Free Throw 3 of 3 (9 PTS),66 - 65,-1,5,1627676,Tiffany Mitchell,1611661325.0,Indiana,Fever,IND,0,0,,,,,,0,0,,,,,,0
1022200057,428,13,0,3,8:31 PM,0:00,,End of 3rd Period (8:31 PM EST),,66 - 65,-1,0,0,,,,,,0,0,,,,,,0,0,,,,,,1
1022200057,433,12,0,4,8:34 PM,10:00,,Start of 4th Period (8:34 PM EST),,66 - 65,-1,0,0,,,,,,0,0,,,,,,0,0,,,,,,0
1022200057,434,2,79,4,8:35 PM,9:34,MISS Cubaj 10' Pullup Jump Shot,,,,,4,1631032,Lorela Cubaj,1611661313.0,New York,Liberty,NYL,0,0,,,,,,0,0,,,,,,1
1022200057,435,4,0,4,8:35 PM,9:31,,,Egbo REBOUND (Off:1 Def:2),,,5,1631031,Queen Egbo,1611661325.0,Indiana,Fever,IND,0,0,,,,,,0,0,,,,,,1
1022200057,436,6,2,4,8:35 PM,9:19,Whitcomb S.FOUL (P1.T1),,,,,4,1628244,Sami Whitcomb,1611661313.0,New York,Liberty,NYL,5,1631031,Queen Egbo,1611661325.0,Indiana,Fever,IND,1,0,,,,,,1
1022200057,438,3,11,4,8:36 PM,9:19,,,Egbo Free Throw 1 of 2 (5 PTS),67 - 65,-2,5,1631031,Queen Egbo,1611661325.0,Indiana,Fever,IND,0,0,,,,,,0,0,,,,,,0
1022200057,439,3,12,4,8:36 PM,9:19,,,Egbo Free Throw 2 of 2 (6 PTS),68 - 65,-3,5,1631031,Queen Egbo,1611661325.0,Indiana,Fever,IND,0,0,,,,,,0,0,,,,,,0
1022200057,440,2,1,4,8:36 PM,9:06,MISS Dangerfield 25' 3PT Jump Shot,,,,,4,1630101,Crystal Dangerfield,1611661313.0,New York,Liberty,NYL,0,0,,,,,,0,0,,,,,,1
1022200057,441,4,0,4,8:36 PM,9:04,LIBERTY Rebound,,,,,2,1611661313,,,,,,0,0,,,,,,0,0,,,,,,0
1022200057,443,2,6,4,8:36 PM,9:00,MISS Xu 8' Driving Layup,,Egbo BLOCK (3 BLK),,,4,1629566,Han Xu,1611661313.0,New York,Liberty,NYL,0,0,,,,,,5,1631031,Queen Egbo,1611661325.0,Indiana,Fever,IND,1
1022200057,445,4,0,4,8:36 PM,8:58,,,Egbo REBOUND (Off:1 Def:3),,,5,1631031,Queen Egbo,1611661325.0,Indiana,Fever,IND,0,0,,,,,,0,0,,,,,,1
1022200057,446,2,79,4,8:37 PM,8:48,,,MISS T. Mitchell 13' Pullup Jump Shot,,,5,1627676,Tiffany Mitchell,1611661325.0,Indiana,Fever,IND,0,0,,,,,,0,0,,,,,,1
1022200057,447,4,0,4,8:37 PM,8:44,,,Henderson REBOUND (Off:1 Def:0),,,5,1631089,Destanni Henderson,1611661325.0,Indiana,Fever,IND,0,0,,,,,,0,0,,,,,,1
1022200057,448,6,1,4,8:37 PM,8:41,Dangerfield P.FOUL (P2.T2),,,,,4,1630101,Crystal Dangerfield,1611661313.0,New York,Liberty,NYL,5,1627676,Tiffany Mitchell,1611661325.0,Indiana,Fever,IND,1,0,,,,,,1
1022200057,450,8,0,4,8:37 PM,8:41,SUB: Howard FOR Cubaj,,,,,4,1631032,Lorela Cubaj,1611661313.0,New York,Liberty,NYL,4,203827,Natasha Howard,1611661313.0,New York,Liberty,NYL,0,0,,,,,,0
1022200057,451,8,0,4,8:37 PM,8:41,SUB: Allen FOR Xu,,,,,4,1629566,Han Xu,1611661313.0,New York,Liberty,NYL,4,204296,Rebecca Allen,1611661313.0,New York,Liberty,NYL,0,0,,,,,,0
1022200057,452,8,0,4,8:37 PM,8:41,SUB: Dolson FOR Durr,,,,,4,1629476,Asia (AD) Durr,1611661313.0,New York,Liberty,NYL,4,203828,Stefanie Dolson,1611661313.0,New York,Liberty,NYL,0,0,,,,,,0
1022200057,453,8,0,4,8:37 PM,8:41,,,SUB: K. Mitchell FOR T. Mitchell,,,5,1627676,Tiffany Mitchell,1611661325.0,Indiana,Fever,IND,5,1628909,Kelsey Mitchell,1611661325.0,Indiana,Fever,IND,0,0,,,,,,0
1022200057,454,8,0,4,8:37 PM,8:41,,,SUB: Robinson FOR Henderson,,,5,1631089,Destanni Henderson,1611661325.0,Indiana,Fever,IND,5,202658,Danielle Robinson,1611661325.0,Indiana,Fever,IND,0,0,,,,,,0
1022200057,460,2,5,4,8:37 PM,8:29,Howard BLOCK (2 BLK),,MISS Egbo 4' Layup,,,5,1631031,Queen Egbo,1611661325.0,Indiana,Fever,IND,0,0,,,,,,4,203827,Natasha Howard,1611661313.0,New York,Liberty,NYL,1
1022200057,462,4,0,4,8:37 PM,8:25,Howard REBOUND (Off:0 Def:5),,,,,4,203827,Natasha Howard,1611661313.0,New York,Liberty,NYL,0,0,,,,,,0,0,,,,,,1
1022200057,463,2,1,4,8:37 PM,8:20,MISS Whitcomb 26' 3PT Jump Shot,,,,,4,1628244,Sami Whitcomb,1611661313.0,New York,Liberty,NYL,0,0,,,,,,0,0,,,,,,1
1022200057,464,4,0,4,8:38 PM,8:16,,,Engstler REBOUND (Off:1 Def:3),,,5,1631083,Emily Engstler,1611661325.0,Indiana,Fever,IND,0,0,,,,,,0,0,,,,,,1
1022200057,465,2,101,4,8:38 PM,8:06,,,MISS K. Mitchell 5' Driving Floating Jump Shot,,,5,1628909,Kelsey Mitchell,1611661325.0,Indiana,Fever,IND,0,0,,,,,,0,0,,,,,,1
1022200057,466,4,0,4,8:38 PM,8:04,Howard REBOUND (Off:0 Def:6),,,,,4,203827,Natasha Howard,1611661313.0,New York,Liberty,NYL,0,0,,,,,,0,0,,,,,,1
1022200057,467,1,1,4,8:38 PM,7:46,Howard 25' 3PT Jump Shot (13 PTS) (Allen 3 AST),,,68 - 68,TIE,4,203827,Natasha Howard,1611661313.0,New York,Liberty,NYL,4,204296,Rebecca Allen,1611661313.0,New York,Liberty,NYL,0,0,,,,,,1
1022200057,469,2,98,4,8:38 PM,7:26,Dolson BLOCK (1 BLK),,MISS Egbo 4' Cutting Layup Shot,,,5,1631031,Queen Egbo,1611661325.0,Indiana,Fever,IND,0,0,,,,,,4,203828,Stefanie Dolson,1611661313.0,New York,Liberty,NYL,1
1022200057,471,4,0,4,8:38 PM,7:26,,,Fever Rebound,,,3,1611661325,,,,,,0,0,,,,,,0,0,,,,,,0
1022200057,473,8,0,4,8:38 PM,7:26,,,SUB: Smith FOR Egbo,,,5,1631031,Queen Egbo,1611661325.0,Indiana,Fever,IND,5,1631019,NaLyssa Smith,1611661325.0,Indiana,Fever,IND,0,0,,,,,,0
1022200057,475,2,101,4,8:39 PM,7:16,,,MISS Robinson 11' Driving Floating Jump Shot,,,5,202658,Danielle Robinson,1611661325.0,Indiana,Fever,IND,0,0,,,,,,0,0,,,,,,1
1022200057,476,4,0,4,8:39 PM,7:13,,,Smith REBOUND (Off:2 Def:4),,,5,1631019,NaLyssa Smith,1611661325.0,Indiana,Fever,IND,0,0,,,,,,0,0,,,,,,1
1022200057,477,10,0,4,8:40 PM,7:03,Jump Ball Howard vs. Smith: Tip to Engstler,,,,,4,203827,Natasha Howard,1611661313.0,New York,Liberty,NYL,5,1631019,NaLyssa Smith,1611661325.0,Indiana,Fever,IND,5,1631083,Emily Engstler,1611661325.0,Indiana,Fever,IND,1
1022200057,480,2,1,4,8:40 PM,7:00,,,MISS Vivians 3PT Jump Shot,,,5,1628927,Victoria Vivians,1611661325.0,Indiana,Fever,IND,0,0,,,,,,0,0,,,,,,1
1022200057,481,4,0,4,8:40 PM,6:59,LIBERTY Rebound,,,,,2,1611661313,,,,,,0,0,,,,,,0,0,,,,,,0
1022200057,482,6,3,4,8:40 PM,6:59,,,Engstler L.B.FOUL (P5.T1),,,5,1631083,Emily Engstler,1611661325.0,Indiana,Fever,IND,4,203828,Stefanie Dolson,1611661313.0,New York,Liberty,NYL,1,0,,,,,,1
1022200057,484,6,1,4,8:40 PM,6:50,,,K. Mitchell P.FOUL (P2.T2),,,5,1628909,Kelsey Mitchell,1611661325.0,Indiana,Fever,IND,4,1628244,Sami Whitcomb,1611661313.0,New York,Liberty,NYL,1,0,,,,,,1
1022200057,486,2,1,4,8:41 PM,6:46,MISS Howard 3PT Jump Shot,,,,,4,203827,Natasha Howard,1611661313.0,New York,Liberty,NYL,0,0,,,,,,0,0,,,,,,1
1022200057,487,4,0,4,8:41 PM,6:44,,,Fever Rebound,,,3,1611661325,,,,,,0,0,,,,,,0,0,,,,,,0
1022200057,489,2,79,4,8:41 PM,6:27,,,MISS K. Mitchell 26' 3PT Pullup Jump Shot,,,5,1628909,Kelsey Mitchell,1611661325.0,Indiana,Fever,IND,0,0,,,,,,0,0,,,,,,1
1022200057,490,4,0,4,8:41 PM,6:23,Dangerfield REBOUND (Off:0 Def:3),,,,,4,1630101,Crystal Dangerfield,1611661313.0,New York,Liberty,NYL,0,0,,,,,,0,0,,,,,,1
1022200057,491,2,79,4,8:41 PM,6:12,MISS Allen 27' 3PT Pullup Jump Shot,,,,,4,204296,Rebecca Allen,1611661313.0,New York,Liberty,NYL,0,0,,,,,,0,0,,,,,,1
1022200057,492,4,0,4,8:41 PM,6:11,,,Fever Rebound,,,3,1611661325,,,,,,0,0,,,,,,0,0,,,,,,0
1022200057,493,6,3,4,8:41 PM,6:11,Dolson L.B.FOUL (P3.T3),,,,,4,203828,Stefanie Dolson,1611661313.0,New York,Liberty,NYL,5,1628927,Victoria Vivians,1611661325.0,Indiana,Fever,IND,1,0,,,,,,1
1022200057,495,8,0,4,8:42 PM,6:11,SUB: Ionescu FOR Whitcomb,,,,,4,1628244,Sami Whitcomb,1611661313.0,New York,Liberty,NYL,4,1629477,Sabrina Ionescu,1611661313.0,New York,Liberty,NYL,0,0,,,,,,0
1022200057,497,2,6,4,8:42 PM,5:56,Dolson BLOCK (2 BLK),,MISS Robinson 4' Driving Layup,,,5,202658,Danielle Robinson,1611661325.0,Indiana,Fever,IND,0,0,,,,,,4,203828,Stefanie Dolson,1611661313.0,New York,Liberty,NYL,1
1022200057,499,4,0,4,8:42 PM,5:54,,,Engstler REBOUND (Off:2 Def:3),,,5,1631083,Emily Engstler,1611661325.0,Indiana,Fever,IND,0,0,,,,,,0,0,,,,,,1
1022200057,500,2,72,4,8:42 PM,5:52,,,MISS Engstler 3' Putback Layup,,,5,1631083,Emily Engstler,1611661325.0,Indiana,Fever,IND,0,0,,,,,,0,0,,,,,,1
1022200057,501,4,0,4,8:42 PM,5:50,Dangerfield REBOUND (Off:0 Def:4),,,,,4,1630101,Crystal Dangerfield,1611661313.0,New York,Liberty,NYL,0,0,,,,,,0,0,,,,,,1
1022200057,502,6,2,4,8:42 PM,5:35,,,Vivians S.FOUL (P2.T3),,,5,1628927,Victoria Vivians,1611661325.0,Indiana,Fever,IND,4,203828,Stefanie Dolson,1611661313.0,New York,Liberty,NYL,1,0,,,,,,1
1022200057,504,9,4,4,8:43 PM,5:35,,Timeout: Official,,,,1,0,,,,,,0,0,,,,,,0,0,,,,,,0
1022200057,505,8,0,4,8:43 PM,5:35,,,SUB: Hartley FOR Engstler,,,5,1631083,Emily Engstler,1611661325.0,Indiana,Fever,IND,5,203829,Bria Hartley,1611661325.0,Indiana,Fever,IND,0,0,,,,,,0
1022200057,507,3,11,4,8:46 PM,5:35,Dolson Free Throw 1 of 2 (11 PTS),,,68 - 69,1,4,203828,Stefanie Dolson,1611661313.0,New York,Liberty,NYL,0,0,,,,,,0,0,,,,,,0
1022200057,508,3,12,4,8:46 PM,5:35,Dolson Free Throw 2 of 2 (12 PTS),,,68 - 70,2,4,203828,Stefanie Dolson,1611661313.0,New York,Liberty,NYL,0,0,,,,,,0,0,,,,,,0
1022200057,509,2,98,4,8:46 PM,5:19,,,MISS Robinson 4' Cutting Layup Shot,,,5,202658,Danielle Robinson,1611661325.0,Indiana,Fever,IND,0,0,,,,,,0,0,,,,,,1
1022200057,510,4,0,4,8:46 PM,5:16,Dangerfield REBOUND (Off:0 Def:5),,,,,4,1630101,Crystal Dangerfield,1611661313.0,New York,Liberty,NYL,0,0,,,,,,0,0,,,,,,1
1022200057,511,6,2,4,8:46 PM,5:03,,,Vivians S.FOUL (P3.T4),,,5,1628927,Victoria Vivians,1611661325.0,Indiana,Fever,IND,4,1629477,Sabrina Ionescu,1611661313.0,New York,Liberty,NYL,1,0,,,,,,1
1022200057,513,3,11,4,8:47 PM,5:03,Ionescu Free Throw 1 of 2 (20 PTS),,,68 - 71,3,4,1629477,Sabrina Ionescu,1611661313.0,New York,Liberty,NYL,0,0,,,,,,0,0,,,,,,0
1022200057,514,3,12,4,8:47 PM,5:03,Ionescu Free Throw 2 of 2 (21 PTS),,,68 - 72,4,4,1629477,Sabrina Ionescu,1611661313.0,New York,Liberty,NYL,0,0,,,,,,0,0,,,,,,0
1022200057,515,2,80,4,8:48 PM,4:39,,,MISS Hartley 20' Step Back Jump Shot,,,5,203829,Bria Hartley,1611661325.0,Indiana,Fever,IND,0,0,,,,,,0,0,,,,,,1
1022200057,516,4,0,4,8:48 PM,4:37,Howard REBOUND (Off:0 Def:7),,,,,4,203827,Natasha Howard,1611661313.0,New York,Liberty,NYL,0,0,,,,,,0,0,,,,,,1
1022200057,517,6,1,4,8:48 PM,4:28,,,Vivians P.FOUL (P4.PN),,,5,1628927,Victoria Vivians,1611661325.0,Indiana,Fever,IND,4,203828,Stefanie Dolson,1611661313.0,New York,Liberty,NYL,1,0,,,,,,1
1022200057,519,3,11,4,8:48 PM,4:28,Dolson Free Throw 1 of 2 (13 PTS),,,68 - 73,5,4,203828,Stefanie Dolson,1611661313.0,New York,Liberty,NYL,0,0,,,,,,0,0,,,,,,0
1022200057,520,8,0,4,8:48 PM,4:28,,,SUB: Egbo FOR Hartley,,,5,203829,Bria Hartley,1611661325.0,Indiana,Fever,IND,5,1631031,Queen Egbo,1611661325.0,Indiana,Fever,IND,0,0,,,,,,0
1022200057,522,3,12,4,8:48 PM,4:28,Dolson Free Throw 2 of 2 (14 PTS),,,68 - 74,6,4,203828,Stefanie Dolson,1611661313.0,New York,Liberty,NYL,0,0,,,,,,0,0,,,,,,0
1022200057,523,6,1,4,8:49 PM,4:12,Dolson P.FOUL (P4.T4),,,,,4,203828,Stefanie Dolson,1611661313.0,New York,Liberty,NYL,5,1631031,Queen Egbo,1611661325.0,Indiana,Fever,IND,1,0,,,,,,1
1022200057,525,5,45,4,8:49 PM,3:59,,,Vivians Out of Bounds - Bad Pass Turnover Turnover (P3.T7),,,5,1628927,Victoria Vivians,1611661325.0,Indiana,Fever,IND,0,0,,,,,,1,0,,,,,,1
1022200057,526,8,0,4,8:49 PM,3:59,,,SUB: Hartley FOR Robinson,,,5,202658,Danielle Robinson,1611661325.0,Indiana,Fever,IND,5,203829,Bria Hartley,1611661325.0,Indiana,Fever,IND,0,0,,,,,,0
1022200057,528,1,1,4,8:50 PM,3:44,Allen 25' 3PT Jump Shot (14 PTS) (Dolson 5 AST),,,68 - 77,9,4,204296,Rebecca Allen,1611661313.0,New York,Liberty,NYL,4,203828,Stefanie Dolson,1611661313.0,New York,Liberty,NYL,0,0,,,,,,1
1022200057,530,9,1,4,8:50 PM,3:43,,,Fever Timeout: Regular (Reg.2 Short 1),,,3,1611661325,,,,,,0,0,,,,,,0,0,,,,,,0
1022200057,531,2,79,4,8:53 PM,3:16,,,MISS Hartley 17' Pullup Jump Shot,,,5,203829,Bria Hartley,1611661325.0,Indiana,Fever,IND,0,0,,,,,,0,0,,,,,,1
1022200057,532,4,0,4,8:53 PM,3:14,Allen REBOUND (Off:0 Def:5),,,,,4,204296,Rebecca Allen,1611661313.0,New York,Liberty,NYL,0,0,,,,,,0,0,,,,,,1
1022200057,533,2,47,4,8:54 PM,2:53,MISS Allen 8' Turnaround Jump Shot,,,,,4,204296,Rebecca Allen,1611661313.0,New York,Liberty,NYL,0,0,,,,,,0,0,,,,,,1
1022200057,534,4,0,4,8:54 PM,2:51,,,Fever Rebound,,,3,1611661325,,,,,,0,0,,,,,,0,0,,,,,,0
1022200057,536,6,2,4,8:54 PM,2:42,Howard S.FOUL (P3.PN),,,,,4,203827,Natasha Howard,1611661313.0,New York,Liberty,NYL,5,1628909,Kelsey Mitchell,1611661325.0,Indiana,Fever,IND,1,0,,,,,,1
1022200057,538,3,11,4,8:55 PM,2:42,,,K. Mitchell Free Throw 1 of 2 (16 PTS),69 - 77,8,5,1628909,Kelsey Mitchell,1611661325.0,Indiana,Fever,IND,0,0,,,,,,0,0,,,,,,0
1022200057,539,3,12,4,8:55 PM,2:42,,,K. Mitchell Free Throw 2 of 2 (17 PTS),70 - 77,7,5,1628909,Kelsey Mitchell,1611661325.0,Indiana,Fever,IND,0,0,,,,,,0,0,,,,,,0
1022200057,540,1,79,4,8:55 PM,2:23,Allen 20' Pullup Jump Shot (16 PTS) (Dolson 6 AST),,,70 - 79,9,4,204296,Rebecca Allen,1611661313.0,New York,Liberty,NYL,4,203828,Stefanie Dolson,1611661313.0,New York,Liberty,NYL,0,0,,,,,,1
1022200057,542,2,5,4,8:56 PM,2:02,Dolson BLOCK (3 BLK),,MISS Egbo 4' Layup,,,5,1631031,Queen Egbo,1611661325.0,Indiana,Fever,IND,0,0,,,,,,4,203828,Stefanie Dolson,1611661313.0,New York,Liberty,NYL,1
1022200057,544,4,0,4,8:56 PM,2:01,,,Egbo REBOUND (Off:2 Def:3),,,5,1631031,Queen Egbo,1611661325.0,Indiana,Fever,IND,0,0,,,,,,0,0,,,,,,1
1022200057,545,6,2,4,8:56 PM,2:01,Dolson S.FOUL (P5.PN),,,,,4,203828,Stefanie Dolson,1611661313.0,New York,Liberty,NYL,5,1631031,Queen Egbo,1611661325.0,Indiana,Fever,IND,1,0,,,,,,1
1022200057,547,3,11,4,8:56 PM,2:01,,,Egbo Free Throw 1 of 2 (7 PTS),71 - 79,8,5,1631031,Queen Egbo,1611661325.0,Indiana,Fever,IND,0,0,,,,,,0,0,,,,,,0
1022200057,548,8,0,4,8:56 PM,2:01,,,SUB: Engstler FOR Smith,,,5,1631019,NaLyssa Smith,1611661325.0,Indiana,Fever,IND,5,1631083,Emily Engstler,1611661325.0,Indiana,Fever,IND,0,0,,,,,,0
1022200057,550,3,12,4,8:56 PM,2:01,,,Egbo Free Throw 2 of 2 (8 PTS),72 - 79,7,5,1631031,Queen Egbo,1611661325.0,Indiana,Fever,IND,0,0,,,,,,0,0,,,,,,0
1022200057,551,2,1,4,8:57 PM,1:38,MISS Allen 27' 3PT Jump Shot,,,,,4,204296,Rebecca Allen,1611661313.0,New York,Liberty,NYL,0,0,,,,,,0,0,,,,,,1
1022200057,552,4,0,4,8:57 PM,1:33,,,Egbo REBOUND (Off:2 Def:4),,,5,1631031,Queen Egbo,1611661325.0,Indiana,Fever,IND,0,0,,,,,,0,0,,,,,,1
1022200057,553,2,47,4,8:57 PM,1:10,,,MISS Egbo 6' Turnaround Jump Shot,,,5,1631031,Queen Egbo,1611661325.0,Indiana,Fever,IND,0,0,,,,,,0,0,,,,,,1
1022200057,554,4,0,4,8:57 PM,1:09,Dolson REBOUND (Off:3 Def:3),,,,,4,203828,Stefanie Dolson,1611661313.0,New York,Liberty,NYL,0,0,,,,,,0,0,,,,,,1
1022200057,555,6,28,4,8:57 PM,1:05,,,K. Mitchell Personal Take Foul (P3.PN),,,5,1628909,Kelsey Mitchell,1611661325.0,Indiana,Fever,IND,4,1629477,Sabrina Ionescu,1611661313.0,New York,Liberty,NYL,1,0,,,,,,1
1022200057,557,3,11,4,8:58 PM,1:05,Ionescu Free Throw 1 of 2 (22 PTS),,,72 - 80,8,4,1629477,Sabrina Ionescu,1611661313.0,New York,Liberty,NYL,0,0,,,,,,0,0,,,,,,0
1022200057,558,8,0,4,8:58 PM,1:05,,,SUB: Henderson FOR Hartley,,,5,203829,Bria Hartley,1611661325.0,Indiana,Fever,IND,5,1631089,Destanni Henderson,1611661325.0,Indiana,Fever,IND,0,0,,,,,,0
1022200057,560,3,12,4,8:58 PM,1:05,Ionescu Free Throw 2 of 2 (23 PTS),,,72 - 81,9,4,1629477,Sabrina Ionescu,1611661313.0,New York,Liberty,NYL,0,0,,,,,,0,0,,,,,,0
1022200057,561,5,39,4,8:58 PM,0:57,,,K. Mitchell Step Out of Bounds Turnover (P2.T8),,,5,1628909,Kelsey Mitchell,1611661325.0,Indiana,Fever,IND,0,0,,,,,,1,0,,,,,,1
1022200057,562,1,1,4,8:59 PM,0:37,Howard 3PT Jump Shot (16 PTS) (Dolson 7 AST),,,72 - 84,12,4,203827,Natasha Howard,1611661313.0,New York,Liberty,NYL,4,203828,Stefanie Dolson,1611661313.0,New York,Liberty,NYL,0,0,,,,,,1
1022200057,564,1,1,4,8:59 PM,0:26,,,Egbo 13' Jump Shot (10 PTS),74 - 84,10,5,1631031,Queen Egbo,1611661325.0,Indiana,Fever,IND,0,0,,,,,,0,0,,,,,,1
1022200057,565,6,1,4,8:59 PM,0:19,,,Egbo P.FOUL (P2.PN),,,5,1631031,Queen Egbo,1611661325.0,Indiana,Fever,IND,4,204296,Rebecca Allen,1611661313.0,New York,Liberty,NYL,1,0,,,,,,1
1022200057,567,3,11,4,9:00 PM,0:19,Allen Free Throw 1 of 2 (17 PTS),,,74 - 85,11,4,204296,Rebecca Allen,1611661313.0,New York,Liberty,NYL,0,0,,,,,,0,0,,,,,,0
1022200057,568,3,12,4,9:00 PM,0:19,MISS Allen Free Throw 2 of 2,,,,,4,204296,Rebecca Allen,1611661313.0,New York,Liberty,NYL,0,0,,,,,,0,0,,,,,,0
1022200057,569,4,0,4,9:00 PM,0:17,Dolson REBOUND (Off:4 Def:3),,,,,4,203828,Stefanie Dolson,1611661313.0,New York,Liberty,NYL,0,0,,,,,,0,0,,,,,,1
1022200057,570,1,1,4,9:00 PM,0:17,Dolson 12' Jump Shot (16 PTS),,,74 - 87,13,4,203828,Stefanie Dolson,1611661313.0,New York,Liberty,NYL,0,0,,,,,,0,0,,,,,,1
1022200057,571,2,6,4,9:00 PM,0:03,,,MISS Engstler 2' Driving Layup,,,5,1631083,Emily Engstler,1611661325.0,Indiana,Fever,IND,0,0,,,,,,0,0,,,,,,1
1022200057,572,4,0,4,9:00 PM,0:01,Dolson REBOUND (Off:4 Def:4),,,,,4,203828,Stefanie Dolson,1611661313.0,New York,Liberty,NYL,0,0,,,,,,0,0,,,,,,1
1022200057,573,13,0,4,9:00 PM,0:00,,End of 4th Period (9:00 PM EST),,74 - 87,13,0,0,,,,,,0,0,,,,,,0,0,,,,,,1
